TIME,DATE,FILE NAME,SITE NAME,FAULT CODE,PHYCOCYANIN (RFU)-14C102008,BAROMETER (MMHG)-24C102759,CHLOROPHYLL (RFU)-14C102008,COND (µS/CM)-15F102368,SP COND (µS/CM)-15F102368,TDS (MG/L)-15F102368,SAL (PSU)-15F102368,NLFCOND (µS/CM)-15F102368,DO (% SAT)-13C101369,DO (MG/L)-13C101369,DO (% CB)-13C101369,GPS LATITUDE (°)-24C102759,GPS LONGITUDE (°)-24C102759,ALTITUDE (M)-24C102759,CABLE POWER (VOLT)-24C102759,BATTERY POWER (VOLT)-24C102759,TEMP (°C)-15F102368,
12:28:22 PM,5/11/2026,260511-122819-Mohonk.bin,Mohonk,0,3.11,730.4,3.63,65.4,105.2,68,0.05,106.8,47.2,5.99,48.1,41.76789,-74.15555,384.5,11.9,2.75,5.189,
12:27:48 PM,5/11/2026,260511-122746-Mohonk.bin,Mohonk,0,1.57,730.3,2.99,64.9,104.4,68,0.05,105.9,49.3,6.26,50.2,41.76788,-74.15553,381.0,11.9,2.75,5.192,
12:26:59 PM,5/11/2026,260511-122657-Mohonk.bin,Mohonk,0,1.60,730.5,3.98,64.7,104.1,68,0.05,105.6,51.0,6.47,52.0,41.76789,-74.15557,375.9,11.9,2.75,5.197,
12:26:34 PM,5/11/2026,260511-122631-Mohonk.bin,Mohonk,0,1.54,730.4,2.75,64.6,103.8,67,0.05,105.3,52.6,6.68,53.7,41.76792,-74.15561,367.6,11.9,2.75,5.213,
12:26:03 PM,5/11/2026,260511-122601-Mohonk.bin,Mohonk,0,1.50,730.4,2.24,64.3,103.4,67,0.05,104.9,54.5,6.91,55.6,41.76787,-74.15563,358.4,11.9,2.75,5.227,
12:25:34 PM,5/11/2026,260511-122532-Mohonk.bin,Mohonk,0,1.62,730.3,2.27,64.6,103.6,67,0.05,105.2,56.0,7.09,57.1,41.76786,-74.15569,350.3,11.9,2.75,5.296,
12:25:10 PM,5/11/2026,260511-122508-Mohonk.bin,Mohonk,0,1.36,730.4,1.44,64.8,103.7,67,0.05,105.3,58.5,7.40,59.7,41.76781,-74.15562,354.9,11.9,2.75,5.347,
12:24:47 PM,5/11/2026,260511-122445-Mohonk.bin,Mohonk,0,1.78,730.4,4.37,64.5,103.0,67,0.05,104.5,61.9,7.82,63.2,41.76780,-74.15557,373.4,11.9,2.75,5.452,
12:24:24 PM,5/11/2026,260511-122422-Mohonk.bin,Mohonk,0,1.81,730.3,2.77,64.0,102.0,66,0.05,103.6,65.0,8.19,66.3,41.76793,-74.15559,375.8,11.9,2.75,5.491,
12:23:59 PM,5/11/2026,260511-122357-Mohonk.bin,Mohonk,0,1.69,730.4,4.29,64.0,101.9,66,0.05,103.5,67.2,8.47,68.6,41.76797,-74.15563,369.3,11.9,2.75,5.535,
12:23:35 PM,5/11/2026,260511-122333-Mohonk.bin,Mohonk,0,1.53,730.4,3.03,64.0,101.7,66,0.05,103.2,69.4,8.72,70.8,41.76801,-74.15565,365.0,11.9,2.75,5.595,
12:23:07 PM,5/11/2026,260511-122305-Mohonk.bin,Mohonk,0,1.45,730.4,3.81,64.1,101.5,66,0.05,103.1,71.9,9.02,73.3,41.76797,-74.15560,365.6,11.9,2.75,5.683,
12:22:42 PM,5/11/2026,260511-122240-Mohonk.bin,Mohonk,0,1.29,730.4,2.41,64.1,101.4,66,0.05,102.9,74.6,9.34,76.1,41.76798,-74.15563,369.4,11.9,2.75,5.758,
12:22:18 PM,5/11/2026,260511-122216-Mohonk.bin,Mohonk,0,1.14,730.5,2.14,64.3,101.2,66,0.05,102.8,77.8,9.71,79.3,41.76795,-74.15556,374.5,11.9,2.75,5.881,
12:21:47 PM,5/11/2026,260511-122145-Mohonk.bin,Mohonk,0,1.13,730.4,1.41,64.7,101.4,66,0.05,103.0,82.4,10.24,84.1,41.76792,-74.15559,371.5,11.9,2.75,6.085,
12:21:19 PM,5/11/2026,260511-122116-Mohonk.bin,Mohonk,0,1.04,730.5,3.05,65.0,101.3,66,0.05,102.9,85.9,10.62,87.6,41.76789,-74.15557,374.6,11.9,2.75,6.232,
12:20:56 PM,5/11/2026,260511-122054-Mohonk.bin,Mohonk,0,1.04,730.4,1.20,65.4,101.7,66,0.05,103.3,89.6,11.05,91.4,41.76790,-74.15559,372.5,11.9,2.75,6.327,
12:20:32 PM,5/11/2026,260511-122030-Mohonk.bin,Mohonk,0,1.09,730.4,2.89,65.8,101.3,66,0.05,103.0,94.6,11.58,96.5,41.76788,-74.15556,377.9,11.9,2.75,6.628,
12:20:07 PM,5/11/2026,260511-122005-Mohonk.bin,Mohonk,0,1.03,730.4,3.15,66.6,101.8,66,0.05,103.5,97.9,11.92,99.9,41.76789,-74.15558,375.4,11.9,2.75,6.899,
12:19:43 PM,5/11/2026,260511-121941-Mohonk.bin,Mohonk,0,1.01,730.4,2.34,66.9,101.5,66,0.05,103.2,100.7,12.16,102.7,41.76788,-74.15556,378.4,11.9,2.75,7.169,
12:19:20 PM,5/11/2026,260511-121918-Mohonk.bin,Mohonk,0,0.91,730.4,2.23,67.8,101.6,66,0.05,103.3,104.0,12.44,106.0,41.76789,-74.15558,371.8,11.9,2.75,7.577,
12:18:55 PM,5/11/2026,260511-121853-Mohonk.bin,Mohonk,0,0.83,730.5,2.02,68.3,101.2,66,0.05,102.9,106.2,12.57,108.3,41.76788,-74.15559,371.2,11.9,2.75,7.989,
12:18:14 PM,5/11/2026,260511-121811-Mohonk.bin,Mohonk,0,0.73,730.5,1.77,68.5,100.5,65,0.05,102.3,108.8,12.79,111.0,41.76786,-74.15557,373.0,11.9,2.75,8.307,
12:17:48 PM,5/11/2026,260511-121746-Mohonk.bin,Mohonk,0,0.64,730.5,1.57,69.1,100.4,65,0.05,102.1,110.0,12.81,112.2,41.76789,-74.15557,373.1,11.9,2.75,8.659,
12:17:24 PM,5/11/2026,260511-121722-Mohonk.bin,Mohonk,0,0.50,730.6,1.17,69.7,100.5,65,0.05,102.3,109.9,12.72,112.1,41.76791,-74.15560,370.4,11.9,2.75,8.935,
12:17:01 PM,5/11/2026,260511-121659-Mohonk.bin,Mohonk,0,0.44,730.5,0.88,70.5,100.5,65,0.05,102.3,109.6,12.55,111.8,41.76795,-74.15562,371.2,11.9,2.75,9.361,
12:16:36 PM,5/11/2026,260511-121633-Mohonk.bin,Mohonk,0,0.39,730.6,0.80,71.5,101.0,66,0.05,102.8,106.8,12.13,108.9,41.76791,-74.15563,373.4,11.9,2.75,9.714,
12:16:09 PM,5/11/2026,260511-121606-Mohonk.bin,Mohonk,0,0.31,730.5,0.64,74.5,102.1,66,0.05,103.9,103.2,11.41,105.3,41.76803,-74.15562,372.5,11.9,2.75,10.845,
12:15:44 PM,5/11/2026,260511-121542-Mohonk.bin,Mohonk,0,0.28,730.5,0.49,76.1,101.0,66,0.05,102.7,98.0,10.53,99.9,41.76787,-74.15556,371.8,11.9,2.75,12.090,
12:15:20 PM,5/11/2026,260511-121518-Mohonk.bin,Mohonk,0,0.29,730.5,0.43,76.6,99.2,64,0.05,100.8,97.6,10.26,99.5,41.76786,-74.15562,367.3,12.0,2.75,13.085,
12:14:53 PM,5/11/2026,260511-121451-Mohonk.bin,Mohonk,0,0.21,730.5,0.34,76.6,99.1,64,0.05,100.7,97.6,10.25,99.5,41.76796,-74.15568,365.4,11.9,2.75,13.125,
12:14:27 PM,5/11/2026,260511-121425-Mohonk.bin,Mohonk,0,0.24,730.5,0.42,76.7,99.1,64,0.05,100.8,97.5,10.23,99.4,41.76797,-74.15562,368.6,11.9,2.75,13.159,
12:14:02 PM,5/11/2026,260511-121400-Mohonk.bin,Mohonk,0,0.29,730.6,0.62,76.7,99.0,64,0.05,100.7,97.7,10.24,99.7,41.76792,-74.15561,369.5,11.9,2.75,13.219,
12:13:36 PM,5/11/2026,260511-121334-Mohonk.bin,Mohonk,0,0.23,730.4,0.44,76.8,99.0,64,0.05,100.6,97.9,10.25,99.9,41.76791,-74.15560,375.2,11.9,2.75,13.265,
12:13:13 PM,5/11/2026,260511-121310-Mohonk.bin,Mohonk,0,0.26,730.5,0.50,76.8,98.9,64,0.05,100.6,97.9,10.25,99.9,41.76787,-74.15564,365.9,11.9,2.75,13.292,
12:12:48 PM,5/11/2026,260511-121246-Mohonk.bin,Mohonk,0,0.19,730.5,0.46,76.8,98.9,64,0.05,100.6,97.9,10.25,99.9,41.76789,-74.15569,359.5,11.9,2.75,13.300,
12:12:21 PM,5/11/2026,260511-121218-Mohonk.bin,Mohonk,0,0.23,730.4,0.51,76.9,98.9,64,0.05,100.5,98.0,10.25,100.0,41.76791,-74.15568,353.7,11.9,2.75,13.349,
12:11:55 PM,5/11/2026,260511-121153-Mohonk.bin,Mohonk,0,0.22,730.6,0.43,76.9,98.8,64,0.05,100.4,98.1,10.25,100.0,41.76789,-74.15563,0.0,11.9,2.75,13.372,
12:10:59 PM,5/11/2026,260511-121056-Mohonk.bin,Mohonk,0,0.28,730.5,0.51,76.9,98.8,64,0.05,100.4,98.2,10.26,100.2,41.76790,-74.15569,380.3,11.9,2.75,13.379,
12:10:25 PM,5/11/2026,260511-121023-Mohonk.bin,Mohonk,0,0.25,730.5,0.57,76.9,98.8,64,0.05,100.4,98.4,10.27,100.4,41.76788,-74.15558,379.4,11.9,2.75,13.403,
12:10:02 PM,5/11/2026,260511-121000-Mohonk.bin,Mohonk,0,0.30,730.6,0.48,77.0,98.8,64,0.05,100.4,98.4,10.27,100.4,41.76793,-74.15554,377.7,11.9,2.75,13.444,
12:09:37 PM,5/11/2026,260511-120935-Mohonk.bin,Mohonk,0,0.23,730.5,0.56,77.1,98.7,64,0.05,100.3,98.4,10.24,100.4,41.76796,-74.15559,376.8,11.9,2.75,13.523,
12:09:14 PM,5/11/2026,260511-120912-Mohonk.bin,Mohonk,0,0.23,730.6,0.47,77.2,98.7,64,0.05,100.3,98.5,10.25,100.5,41.76789,-74.15550,378.0,11.9,2.75,13.569,
12:08:38 PM,5/11/2026,260511-120836-Mohonk.bin,Mohonk,0,0.19,730.5,0.44,77.2,98.7,64,0.05,100.3,98.7,10.26,100.7,41.76789,-74.15556,378.5,11.9,2.75,13.609,
12:08:14 PM,5/11/2026,260511-120812-Mohonk.bin,Mohonk,0,0.17,730.5,0.39,77.4,98.7,64,0.05,100.4,98.9,10.27,100.9,41.76787,-74.15553,378.7,11.9,2.75,13.658,
12:07:47 PM,5/11/2026,260511-120745-Mohonk.bin,Mohonk,0,0.10,730.5,0.31,77.5,98.6,64,0.05,100.2,99.2,10.27,101.2,0.00000,0.00000,0.0,12.0,2.75,13.770,
12:07:18 PM,5/11/2026,260511-120715-Mohonk.bin,Mohonk,0,0.09,730.4,0.28,77.5,98.6,64,0.05,100.2,99.2,10.26,101.2,0.00000,0.00000,0.0,11.9,2.74,13.814,
12:06:32 PM,5/11/2026,260511-120629-Mohonk.bin,Mohonk,0,0.03,730.6,0.22,78.1,98.8,64,0.05,100.4,98.5,10.14,100.5,0.00000,0.00000,0.0,11.9,2.74,14.045,
9:41:45 AM,5/7/2026,260507-094143-Mohonk.bin,Mohonk,0,2.37,724.6,2.59,65.0,104.7,68,0.05,106.2,46.7,5.94,47.6,41.76790,-74.15546,385.3,11.9,2.75,5.139,
9:41:10 AM,5/7/2026,260507-094107-Mohonk.bin,Mohonk,0,1.31,724.6,1.53,64.9,104.6,68,0.05,106.2,47.6,6.06,48.6,41.76784,-74.15552,381.3,11.9,2.75,5.138,
9:40:39 AM,5/7/2026,260507-094037-Mohonk.bin,Mohonk,0,1.47,724.6,1.60,64.8,104.4,68,0.05,106.0,49.0,6.23,50.0,41.76785,-74.15555,381.3,11.9,2.75,5.141,
9:40:13 AM,5/7/2026,260507-094010-Mohonk.bin,Mohonk,0,1.30,724.6,1.08,64.6,104.1,68,0.05,105.7,51.2,6.52,52.2,41.76788,-74.15556,375.9,11.9,2.75,5.140,
9:39:44 AM,5/7/2026,260507-093942-Mohonk.bin,Mohonk,0,1.52,724.5,5.48,64.1,103.3,67,0.05,104.9,54.4,6.92,55.5,41.76793,-74.15548,369.3,11.9,2.75,5.141,
9:39:06 AM,5/7/2026,260507-093904-Mohonk.bin,Mohonk,0,1.77,724.6,5.05,63.4,102.2,66,0.05,103.7,57.6,7.33,58.8,41.76786,-74.15548,387.7,11.9,2.75,5.144,
9:38:37 AM,5/7/2026,260507-093835-Mohonk.bin,Mohonk,0,2.11,724.6,3.04,63.3,102.0,66,0.05,103.5,58.1,7.39,59.3,41.76785,-74.15546,385.2,11.9,2.75,5.155,
9:37:59 AM,5/7/2026,260507-093757-Mohonk.bin,Mohonk,0,1.87,724.6,3.52,63.5,102.3,66,0.05,103.8,58.2,7.40,59.4,41.76787,-74.15553,380.2,11.9,2.75,5.170,
9:37:32 AM,5/7/2026,260507-093730-Mohonk.bin,Mohonk,0,1.60,724.6,1.17,63.8,102.6,67,0.05,104.2,58.5,7.43,59.7,41.76789,-74.15558,382.2,11.9,2.75,5.200,
9:37:06 AM,5/7/2026,260507-093704-Mohonk.bin,Mohonk,0,1.66,724.6,4.03,63.9,102.6,67,0.05,104.2,59.5,7.55,60.7,41.76789,-74.15556,387.0,11.9,2.75,5.262,
9:36:22 AM,5/7/2026,260507-093620-Mohonk.bin,Mohonk,0,1.68,724.7,2.26,63.8,102.4,67,0.05,103.9,61.7,7.82,62.9,41.76789,-74.15556,383.5,11.9,2.75,5.271,
9:35:55 AM,5/7/2026,260507-093553-Mohonk.bin,Mohonk,0,2.81,724.6,8.11,63.6,101.8,66,0.05,103.4,63.6,8.05,64.9,41.76791,-74.15560,380.2,11.9,2.75,5.329,
9:35:24 AM,5/7/2026,260507-093522-Mohonk.bin,Mohonk,0,2.61,724.6,6.24,63.6,101.6,66,0.05,103.2,65.2,8.24,66.5,41.76784,-74.15550,378.4,11.9,2.75,5.408,
9:35:00 AM,5/7/2026,260507-093458-Mohonk.bin,Mohonk,0,2.52,724.7,4.22,63.7,101.6,66,0.05,103.2,66.7,8.42,68.1,41.76788,-74.15556,382.0,11.9,2.75,5.458,
9:34:33 AM,5/7/2026,260507-093431-Mohonk.bin,Mohonk,0,2.46,724.6,4.70,63.7,101.4,66,0.05,103.0,69.3,8.73,70.7,41.76790,-74.15555,379.9,11.9,2.75,5.514,
9:33:34 AM,5/7/2026,260507-093331-Mohonk.bin,Mohonk,0,1.60,724.6,3.21,63.8,101.1,66,0.05,102.6,77.0,9.65,78.5,41.76786,-74.15547,384.3,11.9,2.75,5.716,
9:33:03 AM,5/7/2026,260507-093301-Mohonk.bin,Mohonk,0,1.10,724.6,1.64,64.3,101.1,66,0.05,102.7,81.9,10.21,83.6,41.76795,-74.15557,380.1,11.9,2.75,5.927,
9:32:36 AM,5/7/2026,260507-093234-Mohonk.bin,Mohonk,0,0.93,724.7,1.71,64.5,101.0,66,0.05,102.6,88.2,10.95,89.9,41.76796,-74.15556,379.2,11.9,2.75,6.094,
9:32:01 AM,5/7/2026,260507-093159-Mohonk.bin,Mohonk,0,0.90,724.6,1.94,65.3,101.2,66,0.05,102.8,96.3,11.87,98.3,41.76799,-74.15556,377.4,11.9,2.75,6.410,
9:31:32 AM,5/7/2026,260507-093130-Mohonk.bin,Mohonk,0,0.87,724.6,1.90,65.9,101.1,66,0.05,102.8,101.9,12.44,104.0,41.76795,-74.15559,371.5,11.9,2.75,6.759,
9:30:14 AM,5/7/2026,260507-093012-Mohonk.bin,Mohonk,0,0.80,724.6,1.62,66.5,100.4,65,0.05,102.1,104.7,12.60,106.8,41.76786,-74.15555,370.5,11.9,2.75,7.335,
9:29:43 AM,5/7/2026,260507-092940-Mohonk.bin,Mohonk,0,0.79,724.6,1.71,67.7,100.7,65,0.05,102.5,107.0,12.71,109.1,41.76793,-74.15559,369.7,11.9,2.75,7.846,
9:29:16 AM,5/7/2026,260507-092914-Mohonk.bin,Mohonk,0,0.73,724.6,3.08,68.6,100.9,66,0.05,102.6,108.0,12.72,110.2,41.76796,-74.15564,363.4,11.9,2.75,8.227,
9:28:35 AM,5/7/2026,260507-092833-Mohonk.bin,Mohonk,0,0.66,724.6,1.63,69.9,100.7,65,0.05,102.5,109.7,12.67,111.9,41.76785,-74.15561,370.8,11.9,2.75,9.006,
9:28:03 AM,5/7/2026,260507-092801-Mohonk.bin,Mohonk,0,0.54,724.6,1.22,71.2,101.0,66,0.05,102.8,109.1,12.44,111.3,41.76792,-74.15559,375.4,11.9,2.75,9.556,
9:27:27 AM,5/7/2026,260507-092725-Mohonk.bin,Mohonk,0,0.36,724.5,0.78,72.1,100.1,65,0.05,101.9,105.4,11.79,107.6,41.76794,-74.15558,379.3,11.9,2.75,10.370,
9:26:47 AM,5/7/2026,260507-092645-Mohonk.bin,Mohonk,0,0.29,724.6,0.53,74.1,99.6,65,0.05,101.4,100.4,10.92,102.4,41.76789,-74.15556,377.1,11.9,2.75,11.572,
9:26:22 AM,5/7/2026,260507-092620-Mohonk.bin,Mohonk,0,0.28,724.5,0.54,74.5,99.2,64,0.05,100.9,99.1,10.68,101.0,41.76786,-74.15554,376.1,11.9,2.75,11.972,
9:25:57 AM,5/7/2026,260507-092555-Mohonk.bin,Mohonk,0,0.28,724.5,0.54,75.1,99.2,64,0.05,100.9,98.5,10.54,100.4,41.76789,-74.15556,374.8,11.9,2.75,12.287,
9:25:32 AM,5/7/2026,260507-092530-Mohonk.bin,Mohonk,0,0.26,724.6,0.53,75.4,98.8,64,0.05,100.5,98.5,10.47,100.5,41.76789,-74.15556,372.8,11.9,2.75,12.608,
9:25:04 AM,5/7/2026,260507-092502-Mohonk.bin,Mohonk,0,0.24,724.6,0.47,75.6,98.6,64,0.05,100.3,98.4,10.42,100.4,41.76787,-74.15555,375.5,11.9,2.75,12.772,
9:24:28 AM,5/7/2026,260507-092426-Mohonk.bin,Mohonk,0,0.22,724.5,0.47,75.8,98.5,64,0.05,100.2,98.1,10.35,100.1,41.76791,-74.15552,380.8,11.9,2.75,12.941,
9:24:03 AM,5/7/2026,260507-092401-Mohonk.bin,Mohonk,0,0.20,724.5,0.45,75.9,98.5,64,0.05,100.1,98.0,10.32,100.0,41.76789,-74.15549,382.3,11.9,2.75,12.990,
9:23:35 AM,5/7/2026,260507-092333-Mohonk.bin,Mohonk,0,0.21,724.6,0.37,75.9,98.4,64,0.05,100.1,97.9,10.31,99.9,41.76770,-74.15540,384.3,11.9,2.75,13.014,
9:22:50 AM,5/7/2026,260507-092248-Mohonk.bin,Mohonk,0,0.21,724.6,0.45,76.0,98.4,64,0.05,100.0,97.7,10.27,99.6,41.76787,-74.15541,386.5,11.9,2.75,13.077,
9:22:11 AM,5/7/2026,260507-092208-Mohonk.bin,Mohonk,0,0.21,724.5,0.49,76.0,98.3,64,0.05,99.9,97.2,10.21,99.1,41.76788,-74.15561,383.6,11.9,2.75,13.119,
9:21:34 AM,5/7/2026,260507-092132-Mohonk.bin,Mohonk,0,0.25,724.6,0.49,76.1,98.2,64,0.05,99.9,96.9,10.16,98.8,41.76782,-74.15549,382.8,11.9,2.75,13.186,
9:21:08 AM,5/7/2026,260507-092106-Mohonk.bin,Mohonk,0,0.21,724.6,0.38,76.2,98.2,64,0.05,99.9,96.9,10.16,98.9,41.76786,-74.15549,380.0,11.9,2.75,13.231,
9:20:31 AM,5/7/2026,260507-092029-Mohonk.bin,Mohonk,0,0.16,724.6,0.37,76.1,98.1,64,0.05,99.8,97.0,10.16,99.0,41.76791,-74.15558,375.8,11.9,2.75,13.263,
9:20:03 AM,5/7/2026,260507-092001-Mohonk.bin,Mohonk,0,0.20,724.6,0.41,76.2,98.1,64,0.05,99.7,97.2,10.16,99.2,41.76791,-74.15556,379.0,11.9,2.75,13.337,
9:19:30 AM,5/7/2026,260507-091928-Mohonk.bin,Mohonk,0,0.17,724.6,0.37,76.3,98.0,64,0.05,99.6,97.3,10.16,99.3,41.76788,-74.15559,356.2,11.9,2.75,13.401,
9:19:06 AM,5/7/2026,260507-091904-Mohonk.bin,Mohonk,0,0.15,724.6,0.34,76.3,98.0,64,0.05,99.6,97.5,10.18,99.5,41.76788,-74.15556,368.4,11.9,2.75,13.420,
9:18:36 AM,5/7/2026,260507-091834-Mohonk.bin,Mohonk,0,0.16,724.6,0.26,76.3,97.9,64,0.05,99.5,97.6,10.18,99.6,41.76789,-74.15555,373.5,11.9,2.75,13.437,
9:18:12 AM,5/7/2026,260507-091810-Mohonk.bin,Mohonk,0,0.12,724.6,0.28,76.3,97.9,64,0.05,99.5,97.7,10.19,99.7,41.76787,-74.15552,376.9,11.9,2.75,13.480,
9:17:44 AM,5/7/2026,260507-091742-Mohonk.bin,Mohonk,0,0.09,724.6,0.26,76.3,97.8,64,0.05,99.4,97.7,10.18,99.6,41.76785,-74.15552,379.5,11.9,2.74,13.490,
9:17:18 AM,5/7/2026,260507-091716-Mohonk.bin,Mohonk,0,0.07,724.6,0.25,76.3,97.8,64,0.05,99.4,97.3,10.14,99.3,0.00000,0.00000,0.0,11.9,2.75,13.488,
9:16:53 AM,5/7/2026,260507-091650-Mohonk.bin,Mohonk,0,0.08,724.6,0.26,76.5,98.0,64,0.05,99.7,95.9,9.99,97.8,0.00000,0.00000,0.0,11.9,2.74,13.495,
9:32:16 AM,4/29/2026,260429-093214-Mohonk.bin,Mohonk,0,2.05,727.0,3.59,63.6,102.8,67,0.05,104.3,58.1,7.41,59.2,41.76789,-74.15554,376.6,11.9,2.74,5.031,
9:31:45 AM,4/29/2026,260429-093143-Mohonk.bin,Mohonk,0,2.20,726.9,1.70,63.5,102.7,67,0.05,104.2,58.9,7.51,60.1,41.76785,-74.15557,373.3,11.9,2.74,5.032,
9:31:17 AM,4/29/2026,260429-093115-Mohonk.bin,Mohonk,0,1.36,727.0,1.60,63.2,102.1,66,0.05,103.6,60.1,7.67,61.3,41.76786,-74.15554,372.8,11.9,2.74,5.026,
9:30:48 AM,4/29/2026,260429-093046-Mohonk.bin,Mohonk,0,1.28,726.9,2.15,62.6,101.3,66,0.05,102.8,61.3,7.82,62.5,41.76788,-74.15555,375.0,11.9,2.74,5.010,
9:30:18 AM,4/29/2026,260429-093016-Mohonk.bin,Mohonk,0,1.25,726.9,2.74,62.5,101.1,66,0.05,102.6,62.0,7.91,63.2,41.76788,-74.15554,376.7,11.9,2.74,5.018,
9:29:39 AM,4/29/2026,260429-092936-Mohonk.bin,Mohonk,0,1.79,726.9,0.73,62.6,101.1,66,0.05,102.6,62.6,7.98,63.8,41.76789,-74.15556,377.5,11.9,2.74,5.056,
9:29:06 AM,4/29/2026,260429-092904-Mohonk.bin,Mohonk,0,1.40,726.8,1.19,62.6,101.1,66,0.05,102.6,63.2,8.05,64.5,41.76790,-74.15554,377.6,11.9,2.74,5.082,
9:28:23 AM,4/29/2026,260429-092821-Mohonk.bin,Mohonk,0,1.34,726.8,1.93,62.8,101.2,66,0.05,102.7,63.7,8.11,65.0,41.76790,-74.15553,382.2,11.9,2.74,5.129,
9:27:58 AM,4/29/2026,260429-092756-Mohonk.bin,Mohonk,0,1.40,727.0,1.08,62.8,101.1,66,0.05,102.6,64.1,8.15,65.4,41.76789,-74.15554,382.7,11.9,2.74,5.168,
9:27:33 AM,4/29/2026,260429-092731-Mohonk.bin,Mohonk,0,1.52,726.8,2.85,62.6,100.7,65,0.05,102.2,64.9,8.24,66.2,41.76789,-74.15552,386.0,11.9,2.74,5.194,
9:27:08 AM,4/29/2026,260429-092705-Mohonk.bin,Mohonk,0,2.00,726.8,4.66,62.6,100.6,65,0.05,102.1,65.5,8.31,66.8,41.76797,-74.15553,380.2,11.9,2.74,5.246,
9:26:39 AM,4/29/2026,260429-092637-Mohonk.bin,Mohonk,0,1.84,726.9,2.09,62.8,100.7,65,0.05,102.2,65.7,8.33,67.0,41.76790,-74.15557,375.1,11.9,2.74,5.279,
9:26:00 AM,4/29/2026,260429-092558-Mohonk.bin,Mohonk,0,2.07,726.8,5.77,63.1,101.1,66,0.05,102.6,66.5,8.42,67.8,41.76789,-74.15557,378.6,11.9,2.74,5.325,
9:25:31 AM,4/29/2026,260429-092529-Mohonk.bin,Mohonk,0,1.96,726.9,2.18,63.4,101.4,66,0.05,102.9,68.1,8.60,69.4,41.76788,-74.15554,384.8,11.9,2.74,5.409,
9:24:59 AM,4/29/2026,260429-092457-Mohonk.bin,Mohonk,0,2.10,726.8,6.31,63.2,100.8,66,0.05,102.4,71.2,8.98,72.6,41.76791,-74.15554,384.4,11.9,2.74,5.471,
9:24:19 AM,4/29/2026,260429-092417-Mohonk.bin,Mohonk,0,2.40,726.8,7.75,63.2,100.5,65,0.05,102.0,74.0,9.32,75.5,41.76786,-74.15553,391.8,11.9,2.74,5.567,
9:23:52 AM,4/29/2026,260429-092350-Mohonk.bin,Mohonk,0,2.92,726.8,8.99,63.7,101.1,66,0.05,102.6,76.0,9.54,77.5,41.76787,-74.15553,394.7,11.9,2.74,5.659,
9:23:22 AM,4/29/2026,260429-092320-Mohonk.bin,Mohonk,0,2.80,726.8,8.82,64.2,101.4,66,0.05,103.0,80.2,10.04,81.8,41.76786,-74.15551,393.6,11.9,2.74,5.791,
9:22:51 AM,4/29/2026,260429-092249-Mohonk.bin,Mohonk,0,2.65,726.8,6.31,64.3,101.0,66,0.05,102.6,88.2,10.98,90.0,41.76787,-74.15553,389.5,11.9,2.74,5.981,
9:22:23 AM,4/29/2026,260429-092221-Mohonk.bin,Mohonk,0,2.53,726.8,8.91,64.5,100.0,65,0.05,101.7,95.4,11.76,97.3,41.76789,-74.15556,381.2,11.9,2.74,6.371,
9:21:57 AM,4/29/2026,260429-092155-Mohonk.bin,Mohonk,0,2.44,726.9,6.43,64.6,99.9,65,0.05,101.6,99.4,12.22,101.4,41.76788,-74.15556,380.2,11.9,2.74,6.490,
9:21:25 AM,4/29/2026,260429-092123-Mohonk.bin,Mohonk,0,1.08,726.8,2.56,64.6,99.0,64,0.05,100.7,103.5,12.62,105.6,41.76786,-74.15557,376.5,11.9,2.74,6.784,
9:20:56 AM,4/29/2026,260429-092054-Mohonk.bin,Mohonk,0,0.76,726.7,1.09,64.7,98.8,64,0.05,100.4,103.8,12.62,105.9,41.76793,-74.15549,384.1,11.9,2.74,6.945,
9:20:32 AM,4/29/2026,260429-092030-Mohonk.bin,Mohonk,0,0.72,726.9,0.93,64.8,98.5,64,0.05,100.2,104.1,12.61,106.2,41.76794,-74.15553,377.6,11.9,2.74,7.075,
9:19:55 AM,4/29/2026,260429-091953-Mohonk.bin,Mohonk,0,0.69,726.8,0.99,65.2,98.8,64,0.05,100.4,104.6,12.62,106.7,41.76795,-74.15549,383.7,11.9,2.74,7.215,
9:19:24 AM,4/29/2026,260429-091922-Mohonk.bin,Mohonk,0,0.67,726.8,1.08,65.9,99.2,64,0.05,100.9,105.1,12.61,107.2,41.76788,-74.15554,381.7,11.9,2.74,7.458,
9:18:58 AM,4/29/2026,260429-091856-Mohonk.bin,Mohonk,0,0.64,726.8,1.17,66.6,98.9,64,0.05,100.6,106.0,12.59,108.2,41.76790,-74.15555,384.3,11.9,2.74,7.888,
9:18:33 AM,4/29/2026,260429-091831-Mohonk.bin,Mohonk,0,0.60,726.9,1.14,67.7,98.9,64,0.05,100.6,106.5,12.46,108.6,41.76790,-74.15556,381.5,11.9,2.74,8.466,
9:18:08 AM,4/29/2026,260429-091806-Mohonk.bin,Mohonk,0,0.54,726.9,1.08,68.7,99.0,64,0.05,100.7,106.8,12.34,108.9,41.76790,-74.15557,380.7,11.9,2.74,8.974,
9:17:41 AM,4/29/2026,260429-091738-Mohonk.bin,Mohonk,0,0.53,726.8,1.04,69.3,98.2,64,0.05,99.9,105.6,12.03,107.7,41.76787,-74.15557,379.3,11.9,2.74,9.600,
9:17:07 AM,4/29/2026,260429-091705-Mohonk.bin,Mohonk,0,0.46,726.8,0.94,70.4,97.6,63,0.05,99.3,103.2,11.52,105.2,41.76792,-74.15560,378.2,11.9,2.74,10.443,
9:16:41 AM,4/29/2026,260429-091639-Mohonk.bin,Mohonk,0,0.41,726.9,0.87,70.8,97.2,63,0.05,99.0,102.1,11.33,104.2,41.76791,-74.15562,372.8,11.9,2.74,10.744,
9:16:18 AM,4/29/2026,260429-091616-Mohonk.bin,Mohonk,0,0.39,726.9,0.84,71.0,97.0,63,0.05,98.7,101.5,11.20,103.6,41.76793,-74.15562,377.8,11.9,2.74,10.957,
9:16:06 AM,4/29/2026,260429-091604-Mohonk.bin,Mohonk,0,0.37,726.9,0.84,71.2,97.1,63,0.05,98.8,101.0,11.14,103.0,41.76795,-74.15562,377.9,11.9,2.74,10.996,
9:15:40 AM,4/29/2026,260429-091538-Mohonk.bin,Mohonk,0,0.39,727.0,0.83,71.5,97.0,63,0.05,98.7,100.4,11.01,102.4,41.76794,-74.15560,377.9,11.9,2.74,11.236,
9:15:15 AM,4/29/2026,260429-091512-Mohonk.bin,Mohonk,0,0.37,726.9,0.91,72.1,97.3,63,0.05,99.1,98.9,10.80,100.9,41.76797,-74.15560,379.2,11.9,2.74,11.413,
9:14:20 AM,4/29/2026,260429-091418-Mohonk.bin,Mohonk,0,0.18,727.0,0.30,73.6,96.6,63,0.05,98.2,98.0,10.44,100.0,41.76803,-74.15561,381.4,11.9,2.74,12.508,
9:13:30 AM,4/29/2026,260429-091327-Mohonk.bin,Mohonk,0,0.18,726.9,0.24,73.7,96.4,63,0.05,98.0,97.9,10.40,99.9,41.76791,-74.15556,381.1,11.9,2.74,12.641,
9:12:59 AM,4/29/2026,260429-091257-Mohonk.bin,Mohonk,0,0.14,726.9,0.26,73.6,96.3,63,0.05,98.0,98.0,10.41,100.0,41.76791,-74.15558,384.2,11.9,2.74,12.646,
9:12:34 AM,4/29/2026,260429-091232-Mohonk.bin,Mohonk,0,0.14,726.9,0.21,73.5,96.2,63,0.04,97.9,98.1,10.42,100.1,41.76793,-74.15559,377.2,12.0,2.74,12.657,
9:12:05 AM,4/29/2026,260429-091203-Mohonk.bin,Mohonk,0,0.15,726.9,0.25,73.5,96.2,63,0.04,97.8,98.1,10.41,100.1,41.76794,-74.15564,376.7,11.9,2.74,12.663,
9:11:28 AM,4/29/2026,260429-091126-Mohonk.bin,Mohonk,0,0.18,727.0,0.29,73.6,96.2,63,0.04,97.8,98.0,10.40,100.0,41.76785,-74.15562,378.1,11.9,2.74,12.692,
9:11:02 AM,4/29/2026,260429-091100-Mohonk.bin,Mohonk,0,0.17,726.9,0.27,73.7,96.3,63,0.04,97.9,98.0,10.38,99.9,41.76797,-74.15559,376.2,11.9,2.74,12.730,
9:10:32 AM,4/29/2026,260429-091030-Mohonk.bin,Mohonk,0,0.16,726.9,0.33,73.7,96.2,62,0.04,97.8,98.1,10.39,100.1,41.76799,-74.15562,380.6,11.9,2.74,12.779,
9:10:07 AM,4/29/2026,260429-091005-Mohonk.bin,Mohonk,0,0.18,726.9,0.33,72.5,94.5,61,0.04,96.1,98.2,10.39,100.2,41.76797,-74.15561,380.3,11.9,2.74,12.801,
9:09:36 AM,4/29/2026,260429-090934-Mohonk.bin,Mohonk,0,0.14,726.9,0.27,72.4,94.4,61,0.04,96.0,98.3,10.40,100.3,41.76804,-74.15565,366.5,11.9,2.74,12.818,
9:09:08 AM,4/29/2026,260429-090906-Mohonk.bin,Mohonk,0,0.12,727.0,0.21,72.3,94.2,61,0.04,95.8,98.3,10.40,100.3,41.76802,-74.15569,364.1,11.9,2.74,12.836,
9:08:58 AM,4/29/2026,260429-090855-Mohonk.bin,Mohonk,0,0.10,726.9,0.17,72.3,94.1,61,0.04,95.7,98.3,10.40,100.3,41.76799,-74.15565,362.5,11.9,2.74,12.841,
9:08:27 AM,4/29/2026,260429-090824-Mohonk.bin,Mohonk,0,0.08,727.0,0.21,72.2,94.0,61,0.04,95.6,98.1,10.37,100.1,41.76817,-74.15585,344.0,12.0,2.74,12.831,
9:26:00 AM,4/22/2026,260422-092558-Mohonk.bin,Mohonk,0,4.31,730.0,0.62,73.1,118.1,77,0.06,119.9,61.9,7.89,63.1,41.76787,-74.15557,384.2,11.9,2.76,5.024,
9:25:35 AM,4/22/2026,260422-092533-Mohonk.bin,Mohonk,0,1.10,730.0,1.29,66.0,106.8,69,0.05,108.3,64.1,8.17,65.4,41.76787,-74.15556,383.1,11.9,2.76,5.029,
9:25:03 AM,4/22/2026,260422-092501-Mohonk.bin,Mohonk,0,0.92,730.0,0.64,63.5,102.6,67,0.05,104.1,64.7,8.24,66.0,41.76786,-74.15553,386.3,11.9,2.76,5.046,
9:24:36 AM,4/22/2026,260422-092434-Mohonk.bin,Mohonk,0,0.88,730.0,0.71,63.8,102.9,67,0.05,104.5,65.7,8.36,67.0,41.76784,-74.15546,386.9,11.9,2.76,5.087,
9:24:07 AM,4/22/2026,260422-092405-Mohonk.bin,Mohonk,0,0.97,730.0,0.84,63.7,102.7,67,0.05,104.2,67.5,8.60,68.9,41.76786,-74.15562,390.3,11.9,2.76,5.120,
9:23:28 AM,4/22/2026,260422-092325-Mohonk.bin,Mohonk,0,0.98,730.0,1.07,63.2,101.9,66,0.05,103.4,70.0,8.91,71.4,41.76788,-74.15557,387.7,11.9,2.76,5.139,
9:23:02 AM,4/22/2026,260422-092300-Mohonk.bin,Mohonk,0,1.25,730.0,0.92,63.2,101.7,66,0.05,103.2,71.1,9.04,72.5,41.76788,-74.15559,386.2,11.9,2.75,5.174,
9:22:40 AM,4/22/2026,260422-092238-Mohonk.bin,Mohonk,0,1.23,730.0,0.73,63.3,101.8,66,0.05,103.3,71.9,9.13,73.4,41.76789,-74.15559,388.1,11.9,2.75,5.209,
9:22:14 AM,4/22/2026,260422-092212-Mohonk.bin,Mohonk,0,1.35,730.0,2.57,63.2,101.5,66,0.05,103.0,72.9,9.25,74.4,41.76791,-74.15560,391.4,11.9,2.75,5.246,
9:21:49 AM,4/22/2026,260422-092147-Mohonk.bin,Mohonk,0,1.44,730.0,3.10,63.2,101.4,66,0.05,103.0,74.0,9.38,75.5,41.76791,-74.15560,392.1,11.9,2.76,5.282,
9:20:32 AM,4/22/2026,260422-092029-Mohonk.bin,Mohonk,0,2.51,730.0,3.24,63.9,101.7,66,0.05,103.3,78.4,9.87,80.0,41.76792,-74.15564,382.5,11.9,2.76,5.546,
9:19:32 AM,4/22/2026,260422-091930-Mohonk.bin,Mohonk,0,3.49,730.0,7.71,64.0,101.4,66,0.05,102.9,81.6,10.24,83.2,41.76792,-74.15560,382.6,11.9,2.75,5.680,
9:19:02 AM,4/22/2026,260422-091900-Mohonk.bin,Mohonk,0,3.14,730.0,9.51,64.1,101.2,66,0.05,102.8,83.4,10.44,85.1,41.76795,-74.15567,383.8,11.9,2.75,5.773,
9:18:23 AM,4/22/2026,260422-091821-Mohonk.bin,Mohonk,0,4.55,730.0,11.95,64.3,101.1,66,0.05,102.7,85.9,10.70,87.6,41.76796,-74.15562,379.2,11.9,2.75,5.954,
9:17:54 AM,4/22/2026,260422-091752-Mohonk.bin,Mohonk,0,4.57,730.0,9.04,64.5,100.9,66,0.05,102.6,88.3,10.96,90.1,41.76795,-74.15564,378.9,11.9,2.75,6.092,
9:17:19 AM,4/22/2026,260422-091717-Mohonk.bin,Mohonk,0,4.83,730.1,11.48,64.5,100.8,66,0.05,102.4,91.6,11.34,93.4,41.76788,-74.15554,376.6,11.9,2.75,6.175,
9:16:42 AM,4/22/2026,260422-091640-Mohonk.bin,Mohonk,0,5.59,730.0,13.50,65.0,100.7,65,0.05,102.3,97.1,11.94,99.0,41.76788,-74.15553,377.2,11.9,2.75,6.457,
9:16:14 AM,4/22/2026,260422-091611-Mohonk.bin,Mohonk,0,5.59,730.0,14.73,65.4,100.8,66,0.05,102.4,101.6,12.44,103.6,41.76787,-74.15553,378.7,11.9,2.75,6.642,
9:15:52 AM,4/22/2026,260422-091550-Mohonk.bin,Mohonk,0,4.52,730.0,17.19,65.8,100.8,66,0.05,102.5,103.9,12.66,106.0,41.76788,-74.15554,382.0,11.9,2.75,6.836,
9:15:30 AM,4/22/2026,260422-091528-Mohonk.bin,Mohonk,0,2.72,730.0,9.94,66.8,101.5,66,0.05,103.2,104.7,12.67,106.8,41.76791,-74.15556,383.9,11.9,2.75,7.107,
9:15:03 AM,4/22/2026,260422-091501-Mohonk.bin,Mohonk,0,1.37,730.0,2.25,67.7,101.7,66,0.05,103.4,105.9,12.70,108.1,41.76797,-74.15564,391.0,11.9,2.75,7.507,
9:14:39 AM,4/22/2026,260422-091437-Mohonk.bin,Mohonk,0,1.03,730.1,1.56,68.2,101.6,66,0.05,103.4,106.7,12.71,108.8,41.76802,-74.15571,396.0,11.9,2.75,7.755,
9:14:17 AM,4/22/2026,260422-091415-Mohonk.bin,Mohonk,0,0.89,730.1,1.53,68.0,100.7,65,0.05,102.5,107.5,12.73,109.6,41.76801,-74.15565,396.5,11.9,2.75,7.978,
9:13:53 AM,4/22/2026,260422-091351-Mohonk.bin,Mohonk,0,0.83,730.1,1.32,67.9,100.2,65,0.05,101.9,107.8,12.73,110.0,41.76804,-74.15571,400.4,11.9,2.75,8.118,
9:13:30 AM,4/22/2026,260422-091328-Mohonk.bin,Mohonk,0,0.83,730.0,1.37,68.1,100.2,65,0.05,101.9,108.1,12.72,110.2,41.76807,-74.15565,409.3,11.9,2.75,8.243,
9:13:04 AM,4/22/2026,260422-091302-Mohonk.bin,Mohonk,0,0.71,730.0,1.06,68.4,100.2,65,0.05,101.9,107.8,12.65,110.0,41.76801,-74.15569,400.3,11.9,2.75,8.374,
9:12:29 AM,4/22/2026,260422-091226-Mohonk.bin,Mohonk,0,0.66,730.0,1.13,68.6,100.1,65,0.05,101.8,107.2,12.53,109.3,41.76797,-74.15565,391.7,12.0,2.75,8.539,
9:12:05 AM,4/22/2026,260422-091203-Mohonk.bin,Mohonk,0,0.62,730.1,1.06,69.0,100.3,65,0.05,102.0,106.6,12.42,108.7,41.76796,-74.15561,389.6,11.9,2.75,8.666,
9:11:41 AM,4/22/2026,260422-091139-Mohonk.bin,Mohonk,0,0.59,730.1,1.05,69.5,100.6,65,0.05,102.3,105.4,12.24,107.5,41.76797,-74.15561,385.9,11.9,2.75,8.805,
9:11:12 AM,4/22/2026,260422-091110-Mohonk.bin,Mohonk,0,0.57,730.1,1.03,70.7,100.8,66,0.05,102.6,102.0,11.68,104.0,41.76788,-74.15553,380.7,11.9,2.75,9.373,
9:10:50 AM,4/22/2026,260422-091048-Mohonk.bin,Mohonk,0,0.42,730.0,0.79,72.7,101.1,66,0.05,102.9,97.2,10.89,99.1,41.76789,-74.15556,381.1,11.9,2.75,10.284,
9:10:25 AM,4/22/2026,260422-091023-Mohonk.bin,Mohonk,0,0.30,730.1,0.37,73.5,99.5,65,0.05,101.3,96.0,10.50,97.9,41.76789,-74.15555,383.8,11.9,2.75,11.321,
9:09:46 AM,4/22/2026,260422-090944-Mohonk.bin,Mohonk,0,0.35,730.1,0.40,73.5,99.5,65,0.05,101.3,96.0,10.50,97.9,41.76788,-74.15548,395.8,11.9,2.75,11.330,
9:09:23 AM,4/22/2026,260422-090921-Mohonk.bin,Mohonk,0,0.31,730.2,0.42,73.5,99.5,65,0.05,101.3,96.0,10.50,97.9,41.76791,-74.15552,402.1,11.9,2.75,11.335,
9:09:01 AM,4/22/2026,260422-090859-Mohonk.bin,Mohonk,0,0.35,730.1,0.40,73.5,99.5,65,0.05,101.2,96.0,10.51,98.0,41.76786,-74.15549,388.5,11.9,2.75,11.336,
9:08:34 AM,4/22/2026,260422-090832-Mohonk.bin,Mohonk,0,0.34,730.1,0.37,73.5,99.5,65,0.05,101.2,96.0,10.51,98.0,41.76788,-74.15549,384.0,11.9,2.75,11.337,
9:08:03 AM,4/22/2026,260422-090801-Mohonk.bin,Mohonk,0,0.34,730.2,0.40,73.5,99.5,65,0.05,101.2,96.0,10.51,98.0,41.76783,-74.15542,395.9,11.9,2.75,11.339,
9:07:37 AM,4/22/2026,260422-090735-Mohonk.bin,Mohonk,0,0.33,730.1,0.42,73.5,99.5,65,0.05,101.2,96.0,10.50,98.0,41.76786,-74.15556,383.9,12.0,2.75,11.343,
9:07:07 AM,4/22/2026,260422-090705-Mohonk.bin,Mohonk,0,0.30,730.1,0.40,73.5,99.5,65,0.05,101.2,96.1,10.51,98.0,41.76786,-74.15551,388.6,11.9,2.75,11.343,
9:06:34 AM,4/22/2026,260422-090632-Mohonk.bin,Mohonk,0,0.38,730.2,0.44,73.5,99.5,65,0.05,101.2,96.0,10.51,98.0,41.76786,-74.15553,387.0,11.9,2.75,11.345,
9:06:07 AM,4/22/2026,260422-090605-Mohonk.bin,Mohonk,0,0.32,730.2,0.45,73.6,99.6,65,0.05,101.3,96.1,10.51,98.0,41.76786,-74.15554,387.5,11.9,2.75,11.343,
9:05:34 AM,4/22/2026,260422-090532-Mohonk.bin,Mohonk,0,0.35,730.1,0.41,73.6,99.6,65,0.05,101.3,96.0,10.50,98.0,41.76786,-74.15546,387.3,11.9,2.75,11.350,
9:05:10 AM,4/22/2026,260422-090508-Mohonk.bin,Mohonk,0,0.34,730.1,0.42,73.6,99.5,65,0.05,101.3,96.0,10.50,98.0,41.76784,-74.15546,387.4,11.9,2.75,11.351,
9:04:44 AM,4/22/2026,260422-090442-Mohonk.bin,Mohonk,0,0.32,730.1,0.39,73.6,99.5,65,0.05,101.3,96.0,10.50,97.9,0.00000,0.00000,0.0,11.9,2.75,11.349,
9:04:10 AM,4/22/2026,260422-090407-Mohonk.bin,Mohonk,0,0.32,730.2,0.41,73.6,99.6,65,0.05,101.3,95.8,10.48,97.8,0.00000,0.00000,0.0,11.9,2.75,11.348,
9:03:16 AM,4/22/2026,260422-090314-Mohonk.bin,Mohonk,0,0.33,730.1,0.41,73.4,99.3,65,0.05,101.1,95.6,10.46,97.5,0.00000,0.00000,0.0,11.9,2.75,11.334,
9:02:50 AM,4/22/2026,260422-090248-Mohonk.bin,Mohonk,0,2.53,730.1,0.37,73.3,99.3,65,0.05,101.0,94.5,10.34,96.4,0.00000,0.00000,0.0,12.0,2.75,11.310,
11:06:07 AM,4/15/2026,260415-110605-Mohonk.bin,Mohonk,0,7.07,725.8,1.98,70.9,115.2,75,0.05,116.9,57.3,7.34,58.4,41.76785,-74.15553,379.5,11.9,2.76,4.873,
11:05:41 AM,4/15/2026,260415-110539-Mohonk.bin,Mohonk,0,0.86,725.9,0.71,63.0,102.3,67,0.05,103.8,65.0,8.32,66.3,41.76787,-74.15552,380.4,11.9,2.76,4.875,
11:05:17 AM,4/15/2026,260415-110515-Mohonk.bin,Mohonk,0,0.83,725.8,0.49,62.9,102.2,66,0.05,103.7,66.1,8.46,67.4,41.76786,-74.15552,381.2,11.9,2.76,4.883,
11:04:50 AM,4/15/2026,260415-110448-Mohonk.bin,Mohonk,0,0.79,725.9,0.58,62.7,101.8,66,0.05,103.3,67.8,8.69,69.2,41.76787,-74.15556,379.3,11.9,2.76,4.869,
11:04:17 AM,4/15/2026,260415-110415-Mohonk.bin,Mohonk,0,0.70,725.9,0.26,62.5,101.4,66,0.05,102.9,69.3,8.87,70.7,41.76786,-74.15556,383.1,11.9,2.76,4.910,
11:03:51 AM,4/15/2026,260415-110349-Mohonk.bin,Mohonk,0,0.72,725.9,0.42,62.5,101.3,66,0.05,102.8,70.2,8.97,71.6,41.76786,-74.15556,382.4,11.9,2.76,4.956,
11:03:27 AM,4/15/2026,260415-110325-Mohonk.bin,Mohonk,0,0.71,725.9,0.33,62.6,101.3,66,0.05,102.8,70.9,9.05,72.3,41.76786,-74.15555,381.1,11.9,2.76,4.996,
11:02:59 AM,4/15/2026,260415-110257-Mohonk.bin,Mohonk,0,0.69,725.9,0.35,62.8,101.4,66,0.05,102.9,71.3,9.09,72.7,41.76787,-74.15553,377.5,11.9,2.76,5.045,
11:02:35 AM,4/15/2026,260415-110233-Mohonk.bin,Mohonk,0,0.72,726.0,0.53,63.1,101.8,66,0.05,103.3,72.0,9.17,73.5,41.76789,-74.15552,380.0,11.9,2.76,5.093,
11:02:14 AM,4/15/2026,260415-110212-Mohonk.bin,Mohonk,0,0.71,725.9,0.43,63.0,101.6,66,0.05,103.1,73.3,9.32,74.7,41.76792,-74.15547,385.2,11.9,2.76,5.134,
11:01:49 AM,4/15/2026,260415-110147-Mohonk.bin,Mohonk,0,0.68,726.0,0.50,63.2,101.6,66,0.05,103.1,74.8,9.49,76.3,41.76795,-74.15544,378.1,11.9,2.76,5.227,
11:01:25 AM,4/15/2026,260415-110123-Mohonk.bin,Mohonk,0,0.70,726.0,0.45,63.3,101.4,66,0.05,103.0,76.5,9.69,78.1,41.76793,-74.15540,384.1,11.9,2.76,5.317,
11:00:59 AM,4/15/2026,260415-110057-Mohonk.bin,Mohonk,0,0.80,726.0,0.88,63.3,101.2,66,0.05,102.7,78.4,9.91,80.0,41.76788,-74.15553,385.1,11.9,2.76,5.407,
11:00:36 AM,4/15/2026,260415-110034-Mohonk.bin,Mohonk,0,0.74,725.9,0.76,63.3,101.1,66,0.05,102.6,80.5,10.16,82.1,41.76788,-74.15553,387.1,11.9,2.76,5.437,
11:00:13 AM,4/15/2026,260415-110011-Mohonk.bin,Mohonk,0,0.77,725.9,0.70,63.4,100.9,66,0.05,102.5,82.9,10.44,84.6,41.76789,-74.15552,388.1,11.9,2.76,5.551,
10:59:41 AM,4/15/2026,260415-105939-Mohonk.bin,Mohonk,0,0.85,726.0,1.11,63.7,100.8,65,0.05,102.3,85.4,10.69,87.1,41.76794,-74.15556,397.5,11.9,2.76,5.748,
10:59:04 AM,4/15/2026,260415-105902-Mohonk.bin,Mohonk,0,1.01,726.0,0.88,63.8,100.5,65,0.05,102.1,88.4,11.04,90.1,41.76788,-74.15548,388.9,11.9,2.76,5.861,
10:58:41 AM,4/15/2026,260415-105839-Mohonk.bin,Mohonk,0,1.10,726.1,2.73,64.0,100.4,65,0.05,102.0,90.5,11.27,92.4,41.76787,-74.15551,391.9,11.9,2.76,5.995,
10:58:18 AM,4/15/2026,260415-105816-Mohonk.bin,Mohonk,0,1.09,726.0,2.08,64.3,100.5,65,0.05,102.1,92.2,11.44,94.1,41.76786,-74.15550,391.8,11.9,2.76,6.133,
10:57:53 AM,4/15/2026,260415-105751-Mohonk.bin,Mohonk,0,1.20,726.0,0.98,64.6,100.7,65,0.05,102.3,93.9,11.61,95.7,41.76785,-74.15553,393.5,11.9,2.76,6.234,
10:57:26 AM,4/15/2026,260415-105724-Mohonk.bin,Mohonk,0,1.29,725.9,2.10,64.9,100.8,66,0.05,102.5,96.2,11.86,98.1,41.76790,-74.15553,385.6,11.9,2.76,6.339,
10:57:03 AM,4/15/2026,260415-105701-Mohonk.bin,Mohonk,0,1.98,726.1,2.64,65.1,100.5,65,0.05,102.2,98.8,12.13,100.8,41.76789,-74.15553,384.2,11.9,2.76,6.559,
10:56:35 AM,4/15/2026,260415-105633-Mohonk.bin,Mohonk,0,3.16,726.1,6.42,65.6,100.5,65,0.05,102.1,102.2,12.46,104.3,41.76788,-74.15555,381.9,11.9,2.76,6.814,
10:56:12 AM,4/15/2026,260415-105610-Mohonk.bin,Mohonk,0,5.60,726.1,17.26,66.4,100.1,65,0.05,101.8,104.7,12.60,106.8,41.76787,-74.15556,388.3,12.0,2.76,7.360,
10:55:50 AM,4/15/2026,260415-105548-Mohonk.bin,Mohonk,0,5.96,726.1,25.27,66.6,100.0,65,0.05,101.7,105.0,12.59,107.1,41.76790,-74.15553,390.2,11.9,2.76,7.509,
10:55:22 AM,4/15/2026,260415-105520-Mohonk.bin,Mohonk,0,5.47,726.1,17.46,66.9,100.1,65,0.05,101.8,105.5,12.61,107.6,41.76792,-74.15553,400.7,11.9,2.76,7.618,
10:54:59 AM,4/15/2026,260415-105457-Mohonk.bin,Mohonk,0,7.04,726.0,26.14,67.0,99.8,65,0.05,101.5,105.9,12.60,108.0,41.76796,-74.15549,408.9,11.9,2.76,7.784,
10:54:28 AM,4/15/2026,260415-105426-Mohonk.bin,Mohonk,0,5.17,726.1,16.72,67.3,99.9,65,0.05,101.6,106.0,12.57,108.1,41.76792,-74.15548,405.3,11.9,2.76,7.919,
10:54:03 AM,4/15/2026,260415-105401-Mohonk.bin,Mohonk,0,4.19,726.1,18.38,67.3,99.7,65,0.05,101.4,105.9,12.53,108.0,41.76795,-74.15546,419.2,11.9,2.76,8.017,
10:53:37 AM,4/15/2026,260415-105335-Mohonk.bin,Mohonk,0,2.71,726.1,16.66,67.5,99.7,65,0.05,101.4,105.9,12.49,108.0,41.76796,-74.15538,424.7,11.9,2.76,8.129,
10:53:13 AM,4/15/2026,260415-105311-Mohonk.bin,Mohonk,0,2.60,726.1,6.18,67.8,99.6,65,0.05,101.4,106.0,12.46,108.1,41.76792,-74.15535,411.4,11.9,2.76,8.268,
10:52:44 AM,4/15/2026,260415-105242-Mohonk.bin,Mohonk,0,2.06,726.1,6.54,68.0,99.6,65,0.05,101.3,106.0,12.44,108.1,41.76788,-74.15546,394.9,11.9,2.76,8.383,
10:52:22 AM,4/15/2026,260415-105219-Mohonk.bin,Mohonk,0,1.20,726.1,2.19,68.2,99.6,65,0.05,101.3,106.0,12.40,108.1,41.76790,-74.15546,394.9,12.0,2.76,8.507,
10:51:38 AM,4/15/2026,260415-105136-Mohonk.bin,Mohonk,0,1.18,726.1,2.43,68.5,99.5,65,0.05,101.3,106.1,12.35,108.2,41.76786,-74.15554,384.0,11.9,2.76,8.692,
10:51:07 AM,4/15/2026,260415-105105-Mohonk.bin,Mohonk,0,0.95,726.1,1.13,68.7,99.5,65,0.05,101.3,105.9,12.30,108.0,41.76786,-74.15555,381.6,11.9,2.76,8.783,
10:50:27 AM,4/15/2026,260415-105025-Mohonk.bin,Mohonk,0,0.76,726.1,2.08,69.3,99.8,65,0.05,101.5,105.3,12.17,107.5,41.76791,-74.15554,381.1,12.0,2.76,9.011,
10:49:52 AM,4/15/2026,260415-104949-Mohonk.bin,Mohonk,0,0.69,726.1,1.30,70.9,99.9,65,0.05,101.7,104.7,11.86,106.8,41.76796,-74.15559,380.0,11.9,2.76,9.825,
10:49:29 AM,4/15/2026,260415-104927-Mohonk.bin,Mohonk,0,0.41,726.1,0.72,71.8,99.2,64,0.05,101.0,105.2,11.73,107.3,41.76793,-74.15556,381.2,11.9,2.76,10.501,
10:48:49 AM,4/15/2026,260415-104847-Mohonk.bin,Mohonk,0,0.31,726.1,0.46,72.4,99.2,65,0.05,101.0,104.7,11.58,106.8,41.76788,-74.15553,381.4,11.9,2.76,10.858,
10:48:23 AM,4/15/2026,260415-104821-Mohonk.bin,Mohonk,0,0.33,726.1,0.54,73.0,99.4,65,0.05,101.2,104.0,11.45,106.1,41.76791,-74.15555,377.9,12.0,2.76,11.066,
10:47:43 AM,4/15/2026,260415-104741-Mohonk.bin,Mohonk,0,0.22,726.1,0.35,73.8,99.2,64,0.05,100.9,104.2,11.33,106.3,41.76786,-74.15553,384.7,12.0,2.76,11.579,
10:47:14 AM,4/15/2026,260415-104712-Mohonk.bin,Mohonk,0,0.19,726.1,0.30,74.4,99.3,65,0.05,101.0,104.5,11.29,106.6,41.76784,-74.15547,390.3,12.0,2.76,11.875,
10:46:46 AM,4/15/2026,260415-104644-Mohonk.bin,Mohonk,0,0.17,726.1,0.24,74.7,99.1,64,0.05,100.8,104.4,11.22,106.5,41.76785,-74.15552,386.1,11.9,2.76,12.112,
10:46:22 AM,4/15/2026,260415-104620-Mohonk.bin,Mohonk,0,0.13,726.1,0.25,74.9,99.0,64,0.05,100.7,104.6,11.20,106.7,41.76782,-74.15551,389.3,11.9,2.76,12.274,
10:45:50 AM,4/15/2026,260415-104548-Mohonk.bin,Mohonk,0,0.09,726.1,0.24,75.0,99.0,64,0.05,100.7,104.3,11.17,106.4,41.76753,-74.15517,391.7,12.0,2.76,12.292,
10:45:26 AM,4/15/2026,260415-104524-Mohonk.bin,Mohonk,0,0.09,726.1,0.21,75.2,99.1,64,0.05,100.8,104.0,11.11,106.1,41.76754,-74.15520,392.8,12.0,2.76,12.372,
10:44:56 AM,4/15/2026,260415-104454-Mohonk.bin,Mohonk,0,0.01,726.1,0.18,75.8,99.2,64,0.05,100.9,103.5,11.00,105.6,0.00000,0.00000,0.0,11.9,2.76,12.624,
10:44:30 AM,4/15/2026,260415-104428-Mohonk.bin,Mohonk,0,-0.04,726.1,0.18,76.0,99.2,64,0.05,100.9,102.6,10.87,104.7,0.00000,0.00000,0.0,11.9,2.76,12.749,
10:43:50 AM,4/15/2026,260415-104348-Mohonk.bin,Mohonk,0,-0.12,726.1,0.19,76.7,99.9,65,0.05,101.5,97.8,10.34,99.8,0.00000,0.00000,0.0,12.0,2.76,12.842,
9:34:28 AM,4/8/2026,260408-093426-Mohonk.bin,Mohonk,0,2.61,743.0,1.20,64.2,105.3,68,0.05,106.7,63.6,8.21,64.9,41.76788,-74.15556,388.9,11.9,2.77,4.572,
9:33:55 AM,4/8/2026,260408-093353-Mohonk.bin,Mohonk,0,0.99,742.9,0.53,62.4,102.3,67,0.05,103.8,66.7,8.61,68.0,41.76789,-74.15555,394.7,11.9,2.77,4.585,
9:33:14 AM,4/8/2026,260408-093312-Mohonk.bin,Mohonk,0,0.70,742.9,0.26,62.3,102.0,66,0.05,103.5,68.7,8.86,70.1,41.76792,-74.15556,388.2,11.9,2.77,4.623,
9:32:25 AM,4/8/2026,260408-093223-Mohonk.bin,Mohonk,0,0.69,742.9,0.22,62.3,101.9,66,0.05,103.3,70.3,9.06,71.7,41.76791,-74.15559,380.3,11.9,2.77,4.647,
9:31:12 AM,4/8/2026,260408-093110-Mohonk.bin,Mohonk,0,0.68,742.9,0.27,62.4,101.8,66,0.05,103.3,71.8,9.23,73.2,41.76792,-74.15556,384.0,12.0,2.77,4.714,
9:30:34 AM,4/8/2026,260408-093032-Mohonk.bin,Mohonk,0,0.67,742.9,0.37,62.5,101.8,66,0.05,103.2,73.9,9.48,75.3,41.76789,-74.15555,381.4,11.9,2.77,4.809,
9:30:10 AM,4/8/2026,260408-093008-Mohonk.bin,Mohonk,0,0.63,742.9,0.25,62.5,101.7,66,0.05,103.2,75.3,9.66,76.8,41.76789,-74.15556,384.9,11.9,2.77,4.831,
9:29:08 AM,4/8/2026,260408-092906-Mohonk.bin,Mohonk,0,0.71,743.0,0.49,63.2,101.7,66,0.05,103.2,78.4,9.96,80.0,41.76789,-74.15555,385.5,11.9,2.77,5.190,
9:28:26 AM,4/8/2026,260408-092824-Mohonk.bin,Mohonk,0,0.72,743.0,0.35,63.4,101.2,66,0.05,102.7,80.5,10.16,82.1,41.76789,-74.15556,381.2,11.9,2.77,5.432,
9:27:52 AM,4/8/2026,260408-092750-Mohonk.bin,Mohonk,0,0.82,743.0,0.86,63.4,100.9,66,0.05,102.4,81.3,10.23,83.0,41.76790,-74.15558,382.5,11.9,2.77,5.570,
9:27:23 AM,4/8/2026,260408-092721-Mohonk.bin,Mohonk,0,0.76,743.1,0.62,63.5,100.8,66,0.05,102.3,81.8,10.28,83.4,41.76795,-74.15561,385.5,11.9,2.77,5.620,
9:26:10 AM,4/8/2026,260408-092608-Mohonk.bin,Mohonk,0,0.98,742.9,0.70,63.6,100.8,66,0.05,102.3,82.8,10.39,84.4,41.76788,-74.15555,385.0,11.9,2.77,5.664,
9:25:31 AM,4/8/2026,260408-092529-Mohonk.bin,Mohonk,0,1.04,743.0,4.45,63.7,100.8,65,0.05,102.3,83.5,10.46,85.2,41.76789,-74.15555,376.4,12.0,2.77,5.715,
9:24:59 AM,4/8/2026,260408-092457-Mohonk.bin,Mohonk,0,0.95,743.1,1.16,63.7,100.7,65,0.05,102.3,84.3,10.56,86.0,41.76789,-74.15555,383.3,11.9,2.77,5.759,
9:24:07 AM,4/8/2026,260408-092405-Mohonk.bin,Mohonk,0,0.98,743.0,3.00,63.8,100.7,65,0.05,102.2,85.1,10.63,86.8,41.76790,-74.15555,382.4,11.9,2.77,5.824,
9:23:39 AM,4/8/2026,260408-092336-Mohonk.bin,Mohonk,0,1.06,743.0,2.69,63.8,100.6,65,0.05,102.2,85.3,10.66,87.0,41.76791,-74.15556,381.7,11.9,2.77,5.849,
9:22:36 AM,4/8/2026,260408-092234-Mohonk.bin,Mohonk,0,1.20,743.0,1.65,63.9,100.7,65,0.05,102.3,85.6,10.69,87.3,41.76787,-74.15550,381.4,11.9,2.77,5.872,
9:22:05 AM,4/8/2026,260408-092203-Mohonk.bin,Mohonk,0,0.97,743.0,0.91,63.9,100.6,65,0.05,102.2,86.1,10.75,87.8,41.76790,-74.15553,382.2,11.9,2.77,5.875,
9:21:35 AM,4/8/2026,260408-092133-Mohonk.bin,Mohonk,0,0.99,743.0,1.26,63.9,100.6,65,0.05,102.2,86.8,10.84,88.6,41.76794,-74.15556,380.6,11.9,2.77,5.886,
9:21:06 AM,4/8/2026,260408-092104-Mohonk.bin,Mohonk,0,1.06,742.9,1.31,63.9,100.5,65,0.05,102.1,87.3,10.89,89.1,41.76790,-74.15555,378.9,11.9,2.77,5.905,
9:20:23 AM,4/8/2026,260408-092020-Mohonk.bin,Mohonk,0,1.37,743.0,5.58,63.9,100.5,65,0.05,102.1,87.6,10.92,89.3,41.76789,-74.15554,381.1,11.9,2.77,5.923,
9:19:57 AM,4/8/2026,260408-091955-Mohonk.bin,Mohonk,0,1.12,743.1,1.11,63.9,100.6,65,0.05,102.2,87.7,10.94,89.5,41.76790,-74.15556,380.3,11.9,2.77,5.925,
9:19:31 AM,4/8/2026,260408-091929-Mohonk.bin,Mohonk,0,1.35,743.0,4.14,63.9,100.6,65,0.05,102.2,88.1,10.98,89.8,41.76789,-74.15554,384.4,11.9,2.77,5.935,
9:19:04 AM,4/8/2026,260408-091902-Mohonk.bin,Mohonk,0,1.13,743.0,0.74,63.9,100.5,65,0.05,102.1,88.2,10.99,89.9,41.76789,-74.15554,389.5,11.9,2.77,5.940,
9:18:25 AM,4/8/2026,260408-091823-Mohonk.bin,Mohonk,0,1.20,743.0,1.63,63.9,100.5,65,0.05,102.1,88.3,11.01,90.1,41.76791,-74.15553,387.7,11.9,2.77,5.940,
9:17:51 AM,4/8/2026,260408-091749-Mohonk.bin,Mohonk,0,1.26,743.0,2.73,63.9,100.5,65,0.05,102.1,88.5,11.03,90.3,41.76790,-74.15554,388.7,11.9,2.77,5.940,
9:17:24 AM,4/8/2026,260408-091722-Mohonk.bin,Mohonk,0,1.27,743.1,1.58,63.9,100.5,65,0.05,102.0,88.7,11.05,90.4,41.76791,-74.15555,385.3,11.9,2.77,5.945,
9:16:55 AM,4/8/2026,260408-091653-Mohonk.bin,Mohonk,0,1.23,742.9,2.12,63.9,100.4,65,0.05,102.0,88.8,11.06,90.6,41.76788,-74.15556,384.7,11.9,2.77,5.952,
9:16:29 AM,4/8/2026,260408-091627-Mohonk.bin,Mohonk,0,1.19,743.1,2.40,63.9,100.4,65,0.05,102.0,88.8,11.07,90.6,41.76785,-74.15558,383.7,11.9,2.77,5.955,
9:15:56 AM,4/8/2026,260408-091554-Mohonk.bin,Mohonk,0,1.29,743.1,1.09,63.9,100.5,65,0.05,102.0,88.8,11.07,90.6,41.76786,-74.15556,382.1,11.9,2.77,5.952,
9:15:29 AM,4/8/2026,260408-091527-Mohonk.bin,Mohonk,0,1.24,743.1,5.65,64.0,100.5,65,0.05,102.1,88.9,11.08,90.7,41.76788,-74.15555,380.2,11.9,2.77,5.958,
9:15:03 AM,4/8/2026,260408-091500-Mohonk.bin,Mohonk,0,1.28,743.0,1.41,64.0,100.6,65,0.05,102.1,89.0,11.08,90.7,41.76788,-74.15556,378.2,11.9,2.77,5.960,
9:14:24 AM,4/8/2026,260408-091422-Mohonk.bin,Mohonk,0,1.33,743.0,1.50,64.0,100.5,65,0.05,102.1,89.0,11.09,90.8,41.76787,-74.15555,380.6,11.9,2.77,5.959,
9:13:33 AM,4/8/2026,260408-091331-Mohonk.bin,Mohonk,0,1.32,743.0,1.29,64.0,100.6,65,0.05,102.2,89.2,11.12,91.0,41.76788,-74.15556,379.0,11.9,2.77,5.962,
9:12:55 AM,4/8/2026,260408-091253-Mohonk.bin,Mohonk,0,1.19,743.0,2.90,64.0,100.5,65,0.05,102.1,89.3,11.13,91.1,41.76789,-74.15555,383.7,12.0,2.77,5.963,
9:12:28 AM,4/8/2026,260408-091226-Mohonk.bin,Mohonk,0,1.38,743.0,2.25,64.0,100.5,65,0.05,102.1,89.4,11.13,91.2,41.76791,-74.15556,382.9,11.9,2.77,5.963,
9:12:01 AM,4/8/2026,260408-091159-Mohonk.bin,Mohonk,0,1.36,742.9,3.32,63.9,100.5,65,0.05,102.1,89.5,11.15,91.4,41.76791,-74.15555,387.2,11.9,2.77,5.963,
9:11:26 AM,4/8/2026,260408-091124-Mohonk.bin,Mohonk,0,1.30,743.0,2.33,64.0,100.5,65,0.05,102.1,89.8,11.18,91.6,41.76792,-74.15557,384.9,11.9,2.77,5.966,
9:10:55 AM,4/8/2026,260408-091053-Mohonk.bin,Mohonk,0,1.29,742.9,1.28,64.0,100.5,65,0.05,102.1,90.0,11.21,91.8,41.76798,-74.15558,385.1,12.0,2.77,5.974,
9:10:30 AM,4/8/2026,260408-091028-Mohonk.bin,Mohonk,0,1.14,743.0,0.84,64.0,100.5,65,0.05,102.1,90.2,11.23,92.0,41.76800,-74.15559,382.7,11.9,2.77,5.975,
9:10:05 AM,4/8/2026,260408-091003-Mohonk.bin,Mohonk,0,1.23,742.9,1.86,64.0,100.6,65,0.05,102.1,90.3,11.25,92.1,41.76794,-74.15559,370.6,11.9,2.77,5.972,
9:09:30 AM,4/8/2026,260408-090928-Mohonk.bin,Mohonk,0,1.28,742.9,2.09,64.0,100.5,65,0.05,102.1,90.9,11.32,92.8,41.76793,-74.15561,365.8,11.9,2.76,5.986,
9:09:05 AM,4/8/2026,260408-090903-Mohonk.bin,Mohonk,0,0.98,743.0,1.47,64.1,100.4,65,0.05,102.0,91.5,11.37,93.3,41.76796,-74.15560,363.9,11.9,2.76,6.053,
9:08:39 AM,4/8/2026,260408-090837-Mohonk.bin,Mohonk,0,0.89,742.9,0.82,64.1,100.4,65,0.05,102.0,92.2,11.46,94.1,41.76792,-74.15559,372.1,11.9,2.76,6.076,
9:08:12 AM,4/8/2026,260408-090809-Mohonk.bin,Mohonk,0,0.83,743.0,0.75,64.0,100.3,65,0.05,101.9,93.9,11.68,95.8,41.76786,-74.15558,377.1,11.9,2.76,6.020,
9:56:55 AM,4/1/2026,260401-095653-Mohonk.bin,Mohonk,0,3.23,728.6,1.82,64.5,106.2,69,0.05,107.7,70.0,9.07,71.4,41.76790,-74.15553,378.4,11.9,2.78,4.458,
9:56:23 AM,4/1/2026,260401-095621-Mohonk.bin,Mohonk,0,1.00,728.6,0.85,61.4,101.1,66,0.05,102.5,72.2,9.35,73.6,41.76790,-74.15555,379.4,11.9,2.78,4.468,
9:55:44 AM,4/1/2026,260401-095542-Mohonk.bin,Mohonk,0,1.00,728.5,1.04,61.2,100.6,65,0.05,102.0,72.8,9.41,74.2,41.76791,-74.15553,381.4,11.9,2.78,4.500,
9:55:04 AM,4/1/2026,260401-095502-Mohonk.bin,Mohonk,0,0.94,728.7,0.92,61.2,100.5,65,0.05,101.9,72.9,9.43,74.4,41.76791,-74.15559,381.6,11.9,2.78,4.506,
9:54:32 AM,4/1/2026,260401-095429-Mohonk.bin,Mohonk,0,0.99,728.5,2.12,61.2,100.5,65,0.05,101.9,73.1,9.45,74.5,41.76783,-74.15558,384.1,11.9,2.78,4.516,
9:54:04 AM,4/1/2026,260401-095401-Mohonk.bin,Mohonk,0,1.03,728.5,0.92,61.1,100.4,65,0.05,101.8,73.2,9.46,74.7,41.76787,-74.15555,383.7,11.9,2.78,4.527,
9:53:36 AM,4/1/2026,260401-095334-Mohonk.bin,Mohonk,0,1.00,728.5,1.15,61.1,100.3,65,0.05,101.7,73.4,9.48,74.8,41.76789,-74.15556,383.3,11.9,2.78,4.535,
9:53:12 AM,4/1/2026,260401-095310-Mohonk.bin,Mohonk,0,0.95,728.5,1.05,61.1,100.2,65,0.05,101.6,73.5,9.50,75.0,41.76787,-74.15557,379.7,11.9,2.78,4.543,
9:52:44 AM,4/1/2026,260401-095242-Mohonk.bin,Mohonk,0,0.93,728.5,1.04,61.0,100.1,65,0.05,101.5,73.7,9.52,75.2,41.76789,-74.15559,377.0,11.9,2.78,4.568,
9:52:17 AM,4/1/2026,260401-095215-Mohonk.bin,Mohonk,0,1.10,728.7,1.98,61.0,100.0,65,0.05,101.4,73.8,9.53,75.3,41.76786,-74.15554,381.2,11.9,2.78,4.591,
9:51:53 AM,4/1/2026,260401-095151-Mohonk.bin,Mohonk,0,0.96,728.6,0.84,61.0,100.0,65,0.05,101.4,73.9,9.53,75.4,41.76788,-74.15553,383.4,11.9,2.78,4.596,
9:51:20 AM,4/1/2026,260401-095117-Mohonk.bin,Mohonk,0,1.06,728.6,0.98,61.0,100.0,65,0.05,101.4,74.0,9.55,75.5,41.76788,-74.15555,388.4,11.9,2.78,4.597,
9:50:53 AM,4/1/2026,260401-095051-Mohonk.bin,Mohonk,0,1.16,728.7,0.97,61.1,100.0,65,0.05,101.4,74.2,9.56,75.7,41.76789,-74.15556,387.0,11.9,2.78,4.617,
9:50:18 AM,4/1/2026,260401-095016-Mohonk.bin,Mohonk,0,1.05,728.7,1.34,61.1,99.8,65,0.05,101.2,74.5,9.59,76.0,41.76789,-74.15549,382.5,11.9,2.78,4.677,
9:49:44 AM,4/1/2026,260401-094942-Mohonk.bin,Mohonk,0,1.18,728.6,1.34,61.1,99.7,65,0.05,101.2,74.8,9.62,76.3,41.76786,-74.15556,381.4,11.9,2.78,4.705,
9:49:00 AM,4/1/2026,260401-094858-Mohonk.bin,Mohonk,0,1.08,728.7,1.43,61.2,99.8,65,0.05,101.2,75.1,9.65,76.6,41.76780,-74.15572,409.1,11.9,2.78,4.752,
9:48:27 AM,4/1/2026,260401-094825-Mohonk.bin,Mohonk,0,1.09,728.6,2.68,61.2,99.6,65,0.05,101.0,75.5,9.69,77.1,41.76782,-74.15567,395.3,11.9,2.78,4.833,
9:47:47 AM,4/1/2026,260401-094745-Mohonk.bin,Mohonk,0,1.24,728.7,1.57,61.3,99.6,65,0.05,101.0,76.0,9.74,77.5,41.76784,-74.15562,392.5,11.9,2.78,4.874,
9:47:09 AM,4/1/2026,260401-094707-Mohonk.bin,Mohonk,0,1.19,728.7,1.83,61.4,99.4,65,0.05,100.9,76.6,9.78,78.1,41.76788,-74.15559,389.8,11.9,2.78,4.980,
9:46:37 AM,4/1/2026,260401-094635-Mohonk.bin,Mohonk,0,1.17,728.7,4.30,61.5,99.3,65,0.05,100.8,77.0,9.81,78.5,41.76787,-74.15556,386.6,11.9,2.78,5.076,
9:45:57 AM,4/1/2026,260401-094555-Mohonk.bin,Mohonk,0,1.02,728.7,0.96,61.5,99.1,64,0.05,100.5,77.3,9.83,78.8,41.76786,-74.15559,384.6,11.9,2.78,5.134,
9:45:25 AM,4/1/2026,260401-094523-Mohonk.bin,Mohonk,0,1.16,728.6,3.47,61.5,99.0,64,0.05,100.5,77.4,9.85,79.0,41.76791,-74.15560,385.9,11.9,2.78,5.161,
9:44:56 AM,4/1/2026,260401-094454-Mohonk.bin,Mohonk,0,1.03,728.7,1.61,61.5,99.0,64,0.05,100.5,77.6,9.87,79.2,41.76786,-74.15559,387.9,11.9,2.78,5.167,
9:44:22 AM,4/1/2026,260401-094420-Mohonk.bin,Mohonk,0,1.04,728.5,1.22,61.6,99.0,64,0.05,100.4,78.1,9.90,79.6,41.76790,-74.15557,383.4,11.9,2.78,5.245,
9:43:56 AM,4/1/2026,260401-094354-Mohonk.bin,Mohonk,0,1.06,728.6,4.54,61.7,98.8,64,0.05,100.3,78.6,9.94,80.2,41.76788,-74.15559,384.2,11.9,2.78,5.341,
9:43:31 AM,4/1/2026,260401-094329-Mohonk.bin,Mohonk,0,0.93,728.7,2.91,61.9,98.6,64,0.05,100.1,79.0,9.96,80.6,41.76786,-74.15560,395.5,11.9,2.78,5.474,
9:42:45 AM,4/1/2026,260401-094243-Mohonk.bin,Mohonk,0,0.94,728.6,3.34,61.9,98.5,64,0.05,100.0,79.4,10.00,81.0,41.76787,-74.15562,400.8,11.9,2.78,5.533,
9:42:15 AM,4/1/2026,260401-094213-Mohonk.bin,Mohonk,0,0.93,728.6,2.30,61.9,98.4,64,0.05,99.9,79.7,10.02,81.3,41.76789,-74.15553,403.2,11.9,2.78,5.591,
9:41:34 AM,4/1/2026,260401-094132-Mohonk.bin,Mohonk,0,0.88,728.6,1.20,62.0,98.3,64,0.05,99.8,80.1,10.05,81.7,41.76786,-74.15566,404.0,11.9,2.78,5.654,
9:41:08 AM,4/1/2026,260401-094106-Mohonk.bin,Mohonk,0,0.87,728.6,0.60,62.0,98.2,64,0.05,99.7,80.4,10.08,82.0,41.76784,-74.15565,402.6,11.9,2.78,5.690,
9:40:45 AM,4/1/2026,260401-094043-Mohonk.bin,Mohonk,0,0.87,728.7,0.95,62.2,98.2,64,0.05,99.8,80.9,10.11,82.5,41.76788,-74.15566,401.9,11.9,2.78,5.823,
9:40:10 AM,4/1/2026,260401-094008-Mohonk.bin,Mohonk,0,0.74,728.7,0.76,62.4,97.8,64,0.05,99.3,81.6,10.14,83.3,41.76783,-74.15560,405.7,11.9,2.78,6.075,
9:39:30 AM,4/1/2026,260401-093928-Mohonk.bin,Mohonk,0,0.69,728.8,0.75,62.6,97.7,63,0.05,99.3,82.0,10.16,83.6,41.76786,-74.15562,404.5,12.0,2.78,6.174,
9:38:58 AM,4/1/2026,260401-093856-Mohonk.bin,Mohonk,0,0.72,728.7,0.71,62.8,97.5,63,0.05,99.1,82.5,10.17,84.2,41.76790,-74.15554,398.4,11.9,2.77,6.385,
9:38:33 AM,4/1/2026,260401-093831-Mohonk.bin,Mohonk,0,0.70,728.5,0.72,62.8,97.3,63,0.05,98.9,82.7,10.18,84.4,41.76788,-74.15559,403.8,11.9,2.78,6.444,
9:38:26 AM,4/1/2026,260401-093824-Mohonk.bin,Mohonk,0,0.68,728.7,0.66,62.8,97.3,63,0.05,98.9,82.8,10.19,84.4,41.76783,-74.15567,410.6,12.0,2.78,6.443,
9:38:00 AM,4/1/2026,260401-093758-Mohonk.bin,Mohonk,0,0.66,728.6,0.64,62.8,97.2,63,0.05,98.8,82.9,10.19,84.6,41.76779,-74.15568,419.7,11.9,2.77,6.479,
9:37:31 AM,4/1/2026,260401-093729-Mohonk.bin,Mohonk,0,0.67,728.6,0.55,62.9,97.1,63,0.05,98.7,83.1,10.21,84.8,41.76780,-74.15563,0.0,11.9,2.77,6.541,
9:37:06 AM,4/1/2026,260401-093704-Mohonk.bin,Mohonk,0,0.67,728.6,0.64,62.8,97.0,63,0.05,98.5,83.2,10.21,84.9,0.00000,0.00000,0.0,11.9,2.78,6.561,
9:36:40 AM,4/1/2026,260401-093638-Mohonk.bin,Mohonk,0,0.64,728.7,0.50,62.8,96.9,63,0.05,98.4,83.3,10.22,85.0,41.76781,-74.15569,406.0,11.9,2.77,6.579,
9:36:11 AM,4/1/2026,260401-093609-Mohonk.bin,Mohonk,0,0.57,728.7,0.69,62.8,96.8,63,0.05,98.3,83.5,10.23,85.1,41.76778,-74.15562,381.4,11.9,2.77,6.610,
9:35:47 AM,4/1/2026,260401-093545-Mohonk.bin,Mohonk,0,0.52,728.7,0.44,62.8,96.6,63,0.05,98.2,83.6,10.23,85.3,41.76787,-74.15564,368.3,11.9,2.77,6.678,
9:35:22 AM,4/1/2026,260401-093520-Mohonk.bin,Mohonk,0,0.53,728.6,0.51,62.8,96.4,63,0.05,98.0,83.8,10.23,85.4,41.76788,-74.15559,363.6,11.9,2.77,6.732,
9:34:59 AM,4/1/2026,260401-093457-Mohonk.bin,Mohonk,0,0.45,728.5,0.44,62.8,96.4,63,0.05,98.0,83.7,10.22,85.4,41.76785,-74.15557,382.7,11.9,2.77,6.752,
9:34:34 AM,4/1/2026,260401-093432-Mohonk.bin,Mohonk,0,0.35,728.7,0.35,61.1,93.7,61,0.04,95.2,83.6,10.20,85.3,0.00000,0.00000,0.0,12.0,2.77,6.779,
9:34:10 AM,4/1/2026,260401-093408-Mohonk.bin,Mohonk,0,0.29,728.5,0.33,61.1,93.6,61,0.04,95.2,83.2,10.15,84.9,41.76784,-74.15561,384.8,12.0,2.77,6.794,
9:33:47 AM,4/1/2026,260401-093345-Mohonk.bin,Mohonk,0,0.20,728.7,0.39,61.2,93.6,61,0.04,95.1,82.4,10.04,84.1,41.76783,-74.15560,386.8,12.0,2.77,6.861,
9:33:25 AM,4/1/2026,260401-093322-Mohonk.bin,Mohonk,0,0.08,728.6,0.35,61.4,93.7,61,0.04,95.3,80.7,9.81,82.3,0.00000,0.00000,0.0,11.9,2.77,6.946,
11:05:48 AM,3/25/2026,260325-110546-Mohonk.bin,Mohonk,0,1.63,736.4,1.06,63.8,107.7,70,0.05,109.0,53.6,7.09,54.7,41.76789,-74.15558,381.4,11.9,2.80,3.653,
11:05:23 AM,3/25/2026,260325-110521-Mohonk.bin,Mohonk,0,1.88,736.5,0.82,63.6,107.3,70,0.05,108.7,55.4,7.33,56.5,41.76791,-74.15559,381.4,11.9,2.80,3.653,
11:04:51 AM,3/25/2026,260325-110449-Mohonk.bin,Mohonk,0,0.75,736.6,0.32,63.0,106.3,69,0.05,107.7,57.8,7.65,59.0,41.76794,-74.15561,381.3,11.9,2.80,3.656,
11:04:21 AM,3/25/2026,260325-110419-Mohonk.bin,Mohonk,0,0.78,736.5,0.44,62.7,105.8,69,0.05,107.1,59.2,7.83,60.4,41.76795,-74.15562,379.6,11.9,2.80,3.669,
11:03:53 AM,3/25/2026,260325-110351-Mohonk.bin,Mohonk,0,0.79,736.5,0.42,62.4,105.2,68,0.05,106.5,60.7,8.02,61.9,41.76795,-74.15561,379.2,11.9,2.80,3.684,
11:03:24 AM,3/25/2026,260325-110322-Mohonk.bin,Mohonk,0,0.82,736.5,0.50,62.1,104.8,68,0.05,106.1,61.9,8.18,63.2,41.76787,-74.15557,372.6,11.9,2.80,3.692,
11:02:53 AM,3/25/2026,260325-110251-Mohonk.bin,Mohonk,0,0.83,736.5,0.52,61.8,104.1,68,0.05,105.5,63.4,8.38,64.7,41.76796,-74.15562,378.0,12.0,2.80,3.701,
11:02:27 AM,3/25/2026,260325-110225-Mohonk.bin,Mohonk,0,0.81,736.5,0.57,61.4,103.5,67,0.05,104.8,64.0,8.45,65.3,41.76797,-74.15564,378.2,11.9,2.80,3.708,
11:02:03 AM,3/25/2026,260325-110201-Mohonk.bin,Mohonk,0,0.83,736.6,0.72,61.3,103.3,67,0.05,104.6,64.4,8.50,65.7,41.76805,-74.15569,388.5,11.9,2.80,3.708,
11:01:29 AM,3/25/2026,260325-110127-Mohonk.bin,Mohonk,0,0.84,736.5,0.52,61.2,103.2,67,0.05,104.5,65.0,8.59,66.3,41.76818,-74.15578,393.5,11.9,2.80,3.705,
11:01:03 AM,3/25/2026,260325-110101-Mohonk.bin,Mohonk,0,0.87,736.6,0.68,60.8,102.4,67,0.05,103.7,65.8,8.70,67.2,41.76799,-74.15566,385.2,11.9,2.80,3.703,
11:00:31 AM,3/25/2026,260325-110029-Mohonk.bin,Mohonk,0,0.85,736.5,0.67,60.5,102.0,66,0.05,103.3,66.7,8.82,68.1,41.76794,-74.15562,385.5,11.9,2.80,3.697,
11:00:05 AM,3/25/2026,260325-110003-Mohonk.bin,Mohonk,0,0.87,736.5,0.59,60.2,101.5,66,0.05,102.8,67.4,8.90,68.7,41.76796,-74.15564,386.5,11.9,2.80,3.696,
10:59:39 AM,3/25/2026,260325-105937-Mohonk.bin,Mohonk,0,0.88,736.5,0.73,60.0,101.2,66,0.05,102.5,67.6,8.93,69.0,41.76794,-74.15562,386.1,12.0,2.80,3.705,
10:58:55 AM,3/25/2026,260325-105853-Mohonk.bin,Mohonk,0,0.89,736.4,0.72,60.1,101.3,66,0.05,102.6,67.7,8.94,69.0,41.76795,-74.15562,384.4,11.9,2.80,3.706,
10:58:23 AM,3/25/2026,260325-105821-Mohonk.bin,Mohonk,0,0.88,736.6,0.85,60.1,101.3,66,0.05,102.6,68.2,9.01,69.6,41.76794,-74.15562,385.9,11.9,2.80,3.709,
10:57:57 AM,3/25/2026,260325-105755-Mohonk.bin,Mohonk,0,0.83,736.5,0.58,59.9,100.9,66,0.05,102.2,68.5,9.05,69.9,41.76804,-74.15568,391.9,11.9,2.80,3.712,
10:57:32 AM,3/25/2026,260325-105730-Mohonk.bin,Mohonk,0,0.87,736.5,0.72,59.8,100.8,66,0.05,102.1,68.7,9.07,70.0,41.76811,-74.15572,400.1,11.9,2.80,3.711,
10:57:03 AM,3/25/2026,260325-105701-Mohonk.bin,Mohonk,0,0.93,736.5,0.78,59.9,101.0,66,0.05,102.3,68.9,9.09,70.3,41.76816,-74.15575,399.0,11.9,2.80,3.715,
10:56:36 AM,3/25/2026,260325-105634-Mohonk.bin,Mohonk,0,0.86,736.5,0.80,59.7,100.7,65,0.05,101.9,69.2,9.14,70.6,41.76823,-74.15577,394.0,11.9,2.80,3.716,
10:56:10 AM,3/25/2026,260325-105608-Mohonk.bin,Mohonk,0,0.90,736.5,0.76,59.4,100.1,65,0.05,101.4,69.7,9.21,71.1,41.76825,-74.15578,389.2,11.9,2.80,3.706,
10:55:44 AM,3/25/2026,260325-105542-Mohonk.bin,Mohonk,0,0.89,736.4,0.68,59.0,99.5,65,0.05,100.8,70.1,9.27,71.5,41.76817,-74.15575,389.1,11.9,2.80,3.695,
10:55:13 AM,3/25/2026,260325-105511-Mohonk.bin,Mohonk,0,0.91,736.4,0.89,58.8,99.2,64,0.05,100.4,70.3,9.30,71.8,41.76817,-74.15575,387.4,11.9,2.80,3.673,
10:54:39 AM,3/25/2026,260325-105437-Mohonk.bin,Mohonk,0,0.98,736.5,1.11,58.8,99.1,64,0.05,100.4,70.5,9.31,71.9,41.76812,-74.15572,387.2,11.9,2.80,3.670,
10:54:05 AM,3/25/2026,260325-105403-Mohonk.bin,Mohonk,0,0.94,736.4,0.58,58.7,99.0,64,0.05,100.3,70.6,9.33,72.0,41.76803,-74.15568,380.2,11.9,2.80,3.669,
10:53:36 AM,3/25/2026,260325-105334-Mohonk.bin,Mohonk,0,0.91,736.5,0.79,58.6,98.9,64,0.05,100.2,70.7,9.34,72.1,41.76802,-74.15566,380.5,11.9,2.80,3.671,
10:53:10 AM,3/25/2026,260325-105307-Mohonk.bin,Mohonk,0,0.84,736.5,0.46,58.5,98.7,64,0.05,99.9,70.8,9.36,72.2,41.76793,-74.15560,380.7,11.9,2.80,3.667,
10:52:23 AM,3/25/2026,260325-105221-Mohonk.bin,Mohonk,0,0.87,736.5,0.68,58.4,98.6,64,0.05,99.8,71.0,9.38,72.4,41.76789,-74.15556,377.2,11.9,2.80,3.666,
10:51:54 AM,3/25/2026,260325-105152-Mohonk.bin,Mohonk,0,0.85,736.5,0.76,58.3,98.5,64,0.05,99.7,71.1,9.41,72.6,41.76793,-74.15559,381.6,11.9,2.80,3.658,
10:51:15 AM,3/25/2026,260325-105113-Mohonk.bin,Mohonk,0,0.90,736.4,0.77,58.3,98.4,64,0.05,99.6,71.4,9.44,72.8,41.76798,-74.15560,383.5,11.9,2.80,3.667,
10:50:40 AM,3/25/2026,260325-105038-Mohonk.bin,Mohonk,0,0.87,736.4,0.69,58.2,98.2,64,0.05,99.5,71.6,9.47,73.1,41.76793,-74.15557,391.2,11.9,2.80,3.660,
10:49:51 AM,3/25/2026,260325-104949-Mohonk.bin,Mohonk,0,0.88,736.5,0.71,58.0,98.0,64,0.05,99.2,72.0,9.52,73.4,41.76794,-74.15559,384.4,11.9,2.80,3.657,
10:49:18 AM,3/25/2026,260325-104916-Mohonk.bin,Mohonk,0,0.88,736.5,0.83,58.0,98.1,64,0.05,99.3,72.1,9.56,73.6,41.76790,-74.15556,380.9,11.9,2.80,3.599,
10:48:50 AM,3/25/2026,260325-104848-Mohonk.bin,Mohonk,0,0.89,736.4,0.88,57.9,98.0,64,0.05,99.2,72.5,9.61,74.0,41.76791,-74.15557,378.9,11.9,2.80,3.559,
10:48:19 AM,3/25/2026,260325-104817-Mohonk.bin,Mohonk,0,0.87,736.4,0.66,57.7,97.9,64,0.05,99.1,72.9,9.69,74.4,41.76793,-74.15559,377.7,11.9,2.80,3.487,
10:47:43 AM,3/25/2026,260325-104741-Mohonk.bin,Mohonk,0,1.02,736.4,1.15,57.6,97.8,64,0.05,99.0,73.2,9.73,74.7,41.76793,-74.15558,376.9,11.9,2.80,3.461,
10:47:14 AM,3/25/2026,260325-104712-Mohonk.bin,Mohonk,0,0.94,736.5,0.82,57.5,97.8,64,0.05,99.0,73.2,9.74,74.7,41.76794,-74.15557,379.1,11.9,2.79,3.444,
10:46:19 AM,3/25/2026,260325-104617-Mohonk.bin,Mohonk,0,0.97,736.4,0.94,57.5,97.7,64,0.05,98.9,73.4,9.76,74.9,41.76789,-74.15556,382.4,11.9,2.80,3.439,
10:45:46 AM,3/25/2026,260325-104544-Mohonk.bin,Mohonk,0,0.90,736.5,0.79,57.4,97.7,63,0.05,98.8,73.5,9.78,74.9,41.76792,-74.15557,387.0,11.9,2.80,3.423,
10:45:19 AM,3/25/2026,260325-104517-Mohonk.bin,Mohonk,0,0.96,736.6,1.06,57.4,97.7,64,0.05,98.9,73.5,9.78,75.0,41.76794,-74.15561,387.4,11.9,2.80,3.414,
10:44:53 AM,3/25/2026,260325-104451-Mohonk.bin,Mohonk,0,0.92,736.5,0.74,57.4,97.6,63,0.05,98.8,73.6,9.79,75.1,41.76801,-74.15565,386.4,11.9,2.80,3.413,
10:44:21 AM,3/25/2026,260325-104419-Mohonk.bin,Mohonk,0,0.86,736.5,0.67,57.3,97.6,63,0.05,98.8,73.7,9.82,75.2,41.76797,-74.15563,387.0,11.9,2.80,3.399,
10:43:53 AM,3/25/2026,260325-104351-Mohonk.bin,Mohonk,0,0.91,736.5,0.61,57.2,97.5,63,0.05,98.6,73.9,9.84,75.4,41.76797,-74.15560,387.4,11.9,2.79,3.388,
10:42:53 AM,3/25/2026,260325-104251-Mohonk.bin,Mohonk,0,0.86,736.4,0.71,57.1,97.4,63,0.05,98.5,74.4,9.91,75.9,41.76793,-74.15564,371.3,11.9,2.79,3.367,
10:42:26 AM,3/25/2026,260325-104224-Mohonk.bin,Mohonk,0,0.91,736.5,0.72,57.1,97.3,63,0.05,98.5,74.7,9.96,76.2,41.76797,-74.15564,389.2,11.9,2.80,3.350,
10:41:56 AM,3/25/2026,260325-104154-Mohonk.bin,Mohonk,0,0.93,736.6,1.16,57.1,97.3,63,0.05,98.5,74.9,9.99,76.5,41.76803,-74.15566,402.5,11.9,2.79,3.341,
10:41:28 AM,3/25/2026,260325-104126-Mohonk.bin,Mohonk,0,0.84,736.6,0.68,57.0,97.2,63,0.05,98.4,75.3,10.05,76.8,41.76804,-74.15569,402.0,11.9,2.79,3.336,
10:41:00 AM,3/25/2026,260325-104058-Mohonk.bin,Mohonk,0,0.83,736.6,0.72,56.7,96.9,63,0.05,98.1,75.8,10.13,77.3,41.76800,-74.15570,397.7,11.9,2.79,3.283,
10:40:27 AM,3/25/2026,260325-104025-Mohonk.bin,Mohonk,0,0.71,736.5,0.39,56.7,97.0,63,0.05,98.2,76.3,10.20,77.9,41.76810,-74.15575,394.7,12.0,2.79,3.257,
10:39:56 AM,3/25/2026,260325-103954-Mohonk.bin,Mohonk,0,0.65,736.5,0.52,56.4,96.7,63,0.05,97.8,77.2,10.33,78.7,41.76830,-74.15585,368.3,11.9,2.79,3.195,
10:39:02 AM,3/25/2026,260325-103900-Mohonk.bin,Mohonk,0,0.37,736.4,0.20,56.1,97.6,63,0.05,98.6,78.6,10.66,80.2,41.76826,-74.15583,363.8,11.9,2.79,2.725,
9:39:40 AM,3/18/2026,260318-093938-Mohonk.bin,Mohonk,0,6.93,737.1,4.21,70.0,120.5,78,0.06,121.9,59.7,8.02,60.9,41.76784,-74.15557,382.4,11.9,2.79,3.049,
9:39:07 AM,3/18/2026,260318-093905-Mohonk.bin,Mohonk,0,3.45,737.0,2.41,69.4,119.5,78,0.06,120.8,62.5,8.40,63.7,41.76793,-74.15552,370.0,11.9,2.79,3.041,
9:38:41 AM,3/18/2026,260318-093839-Mohonk.bin,Mohonk,0,0.74,737.1,0.09,69.0,118.9,77,0.06,120.2,64.2,8.64,65.5,41.76789,-74.15556,383.5,11.9,2.79,3.026,
9:37:58 AM,3/18/2026,260318-093756-Mohonk.bin,Mohonk,0,0.72,737.1,0.18,67.8,116.8,76,0.05,118.1,66.7,8.97,68.0,41.76787,-74.15556,385.7,11.9,2.79,3.015,
9:37:10 AM,3/18/2026,260318-093707-Mohonk.bin,Mohonk,0,0.74,737.1,0.15,66.5,114.6,75,0.05,115.9,69.0,9.28,70.4,41.76785,-74.15561,394.7,11.9,2.79,3.025,
9:36:40 AM,3/18/2026,260318-093638-Mohonk.bin,Mohonk,0,0.81,737.1,0.43,64.5,111.0,72,0.05,112.3,70.4,9.46,71.8,41.76786,-74.15559,389.0,11.9,2.79,3.074,
9:35:59 AM,3/18/2026,260318-093557-Mohonk.bin,Mohonk,0,0.83,737.2,0.47,63.6,109.4,71,0.05,110.7,71.3,9.58,72.8,41.76789,-74.15557,381.3,11.9,2.79,3.086,
9:35:00 AM,3/18/2026,260318-093458-Mohonk.bin,Mohonk,0,0.87,737.1,0.51,62.1,106.6,69,0.05,107.9,72.1,9.67,73.5,41.76789,-74.15559,381.3,11.9,2.79,3.126,
9:34:30 AM,3/18/2026,260318-093428-Mohonk.bin,Mohonk,0,0.92,737.0,0.56,61.6,105.8,69,0.05,107.0,72.0,9.66,73.5,41.76788,-74.15560,380.4,11.9,2.79,3.136,
9:33:56 AM,3/18/2026,260318-093354-Mohonk.bin,Mohonk,0,0.99,737.0,0.70,61.0,104.7,68,0.05,105.9,71.8,9.62,73.2,41.76788,-74.15559,377.5,11.9,2.79,3.146,
9:33:26 AM,3/18/2026,260318-093324-Mohonk.bin,Mohonk,0,0.89,737.0,0.51,60.6,104.0,68,0.05,105.2,71.4,9.57,72.8,41.76786,-74.15557,381.6,11.9,2.79,3.159,
9:32:52 AM,3/18/2026,260318-093250-Mohonk.bin,Mohonk,0,0.87,737.1,0.73,60.5,103.8,67,0.05,105.0,71.0,9.51,72.4,41.76788,-74.15557,381.6,11.9,2.79,3.163,
9:32:27 AM,3/18/2026,260318-093225-Mohonk.bin,Mohonk,0,0.92,737.1,0.63,60.6,103.9,68,0.05,105.1,70.8,9.49,72.2,41.76788,-74.15558,379.0,11.9,2.79,3.155,
9:32:03 AM,3/18/2026,260318-093201-Mohonk.bin,Mohonk,0,0.92,737.1,0.77,60.6,104.0,68,0.05,105.2,70.7,9.48,72.2,41.76787,-74.15559,380.1,11.9,2.79,3.145,
9:31:28 AM,3/18/2026,260318-093126-Mohonk.bin,Mohonk,0,0.88,737.2,0.38,60.5,103.9,68,0.05,105.1,70.9,9.51,72.3,41.76786,-74.15561,381.2,11.9,2.79,3.143,
9:31:01 AM,3/18/2026,260318-093059-Mohonk.bin,Mohonk,0,0.87,737.1,0.52,60.4,103.7,67,0.05,104.9,71.1,9.54,72.6,41.76785,-74.15562,385.9,11.9,2.79,3.140,
9:30:36 AM,3/18/2026,260318-093034-Mohonk.bin,Mohonk,0,0.85,737.0,0.23,60.3,103.5,67,0.05,104.7,71.4,9.57,72.8,41.76788,-74.15557,384.0,11.9,2.79,3.134,
9:29:54 AM,3/18/2026,260318-092952-Mohonk.bin,Mohonk,0,1.02,737.2,1.18,59.7,102.5,67,0.05,103.7,71.9,9.63,73.3,41.76789,-74.15553,379.5,11.9,2.79,3.145,
9:29:26 AM,3/18/2026,260318-092924-Mohonk.bin,Mohonk,0,0.82,737.2,0.44,59.6,102.2,66,0.05,103.4,72.2,9.68,73.7,41.76790,-74.15553,381.2,11.9,2.79,3.144,
9:28:50 AM,3/18/2026,260318-092848-Mohonk.bin,Mohonk,0,0.91,737.2,0.61,59.4,102.0,66,0.05,103.2,72.8,9.75,74.2,41.76788,-74.15560,381.9,11.9,2.79,3.144,
9:28:25 AM,3/18/2026,260318-092823-Mohonk.bin,Mohonk,0,0.96,737.1,0.70,59.2,101.7,66,0.05,102.9,73.0,9.78,74.4,41.76789,-74.15558,383.3,11.9,2.79,3.147,
9:27:49 AM,3/18/2026,260318-092747-Mohonk.bin,Mohonk,0,0.86,737.2,0.43,59.2,101.6,66,0.05,102.8,73.0,9.79,74.5,41.76791,-74.15554,380.6,11.9,2.79,3.152,
9:27:09 AM,3/18/2026,260318-092707-Mohonk.bin,Mohonk,0,0.85,737.2,0.50,59.1,101.5,66,0.05,102.6,73.0,9.78,74.5,41.76785,-74.15558,384.2,11.9,2.79,3.149,
9:26:13 AM,3/18/2026,260318-092611-Mohonk.bin,Mohonk,0,0.91,737.2,0.78,59.1,101.4,66,0.05,102.5,73.1,9.80,74.6,41.76779,-74.15568,388.6,11.9,2.79,3.149,
9:25:45 AM,3/18/2026,260318-092543-Mohonk.bin,Mohonk,0,0.97,737.2,1.14,59.0,101.3,66,0.05,102.4,73.1,9.80,74.6,41.76771,-74.15573,399.1,11.9,2.79,3.149,
9:24:57 AM,3/18/2026,260318-092455-Mohonk.bin,Mohonk,0,0.94,737.2,0.56,58.9,101.2,66,0.05,102.3,73.3,9.83,74.8,41.76804,-74.15534,381.1,11.9,2.79,3.154,
9:24:26 AM,3/18/2026,260318-092424-Mohonk.bin,Mohonk,0,1.08,737.1,0.42,58.9,101.1,66,0.05,102.2,73.5,9.84,74.9,41.76797,-74.15548,374.3,12.0,2.79,3.155,
9:23:53 AM,3/18/2026,260318-092351-Mohonk.bin,Mohonk,0,0.84,737.1,0.47,58.9,101.1,66,0.05,102.3,73.6,9.87,75.1,41.76789,-74.15563,371.4,11.9,2.79,3.151,
9:23:11 AM,3/18/2026,260318-092309-Mohonk.bin,Mohonk,0,0.86,737.2,0.34,58.9,101.1,66,0.05,102.3,73.8,9.89,75.3,41.76789,-74.15569,373.5,11.9,2.79,3.158,
9:22:42 AM,3/18/2026,260318-092240-Mohonk.bin,Mohonk,0,0.93,737.2,0.70,58.9,101.1,66,0.05,102.2,73.9,9.91,75.4,41.76790,-74.15569,374.1,11.9,2.79,3.152,
9:22:08 AM,3/18/2026,260318-092206-Mohonk.bin,Mohonk,0,0.87,737.2,0.67,58.9,101.0,66,0.05,102.2,74.1,9.93,75.6,41.76784,-74.15565,380.9,11.9,2.79,3.156,
9:21:41 AM,3/18/2026,260318-092139-Mohonk.bin,Mohonk,0,0.88,737.2,0.42,58.9,101.1,66,0.05,102.2,74.3,9.96,75.8,41.76783,-74.15570,378.0,11.9,2.79,3.154,
9:21:04 AM,3/18/2026,260318-092102-Mohonk.bin,Mohonk,0,1.07,737.2,0.82,58.9,101.1,66,0.05,102.3,74.5,9.98,76.0,41.76782,-74.15562,384.1,11.9,2.79,3.154,
9:20:39 AM,3/18/2026,260318-092037-Mohonk.bin,Mohonk,0,0.90,737.2,0.88,58.9,101.1,66,0.05,102.2,74.6,10.00,76.1,41.76788,-74.15557,387.1,12.0,2.79,3.151,
9:20:10 AM,3/18/2026,260318-092008-Mohonk.bin,Mohonk,0,1.03,737.2,0.60,59.0,101.2,66,0.05,102.4,74.8,10.02,76.3,41.76794,-74.15556,388.7,11.9,2.79,3.147,
9:19:31 AM,3/18/2026,260318-091929-Mohonk.bin,Mohonk,0,0.94,737.2,0.97,59.0,101.2,66,0.05,102.4,75.1,10.06,76.6,41.76792,-74.15561,388.1,11.9,2.79,3.143,
9:19:03 AM,3/18/2026,260318-091901-Mohonk.bin,Mohonk,0,0.89,737.2,0.86,59.0,101.3,66,0.05,102.5,75.3,10.09,76.8,41.76791,-74.15552,391.8,11.9,2.79,3.139,
9:18:32 AM,3/18/2026,260318-091830-Mohonk.bin,Mohonk,0,0.89,737.1,0.65,59.0,101.4,66,0.05,102.5,75.5,10.12,77.0,41.76796,-74.15549,396.0,11.9,2.78,3.133,
9:17:55 AM,3/18/2026,260318-091753-Mohonk.bin,Mohonk,0,1.16,737.2,0.63,59.1,101.5,66,0.05,102.6,75.8,10.16,77.3,41.76802,-74.15546,405.0,11.9,2.79,3.131,
9:17:28 AM,3/18/2026,260318-091726-Mohonk.bin,Mohonk,0,1.07,737.3,0.25,59.2,101.6,66,0.05,102.8,76.1,10.20,77.6,41.76789,-74.15556,390.4,11.9,2.78,3.127,
9:16:52 AM,3/18/2026,260318-091650-Mohonk.bin,Mohonk,0,1.14,737.2,0.97,59.2,101.7,66,0.05,102.9,76.6,10.27,78.1,41.76782,-74.15559,364.3,11.9,2.78,3.121,
9:16:21 AM,3/18/2026,260318-091619-Mohonk.bin,Mohonk,0,1.02,737.2,0.83,59.1,101.6,66,0.05,102.8,77.1,10.34,78.6,41.76792,-74.15559,378.7,11.9,2.78,3.114,
9:15:47 AM,3/18/2026,260318-091545-Mohonk.bin,Mohonk,0,1.08,737.2,0.97,58.9,101.2,66,0.05,102.3,77.9,10.46,79.5,41.76797,-74.15558,378.7,11.9,2.78,3.104,
9:15:21 AM,3/18/2026,260318-091519-Mohonk.bin,Mohonk,0,1.05,737.2,0.95,56.7,97.6,63,0.05,98.7,78.7,10.57,80.3,41.76794,-74.15559,379.0,11.9,2.78,3.083,
9:14:53 AM,3/18/2026,260318-091451-Mohonk.bin,Mohonk,0,0.94,737.3,0.57,53.8,92.6,60,0.04,93.6,79.7,10.71,81.3,41.76790,-74.15561,379.5,11.9,2.78,3.065,
9:14:03 AM,3/18/2026,260318-091401-Mohonk.bin,Mohonk,0,0.81,737.2,0.29,46.7,80.3,52,0.04,81.3,82.3,11.05,84.0,41.76792,-74.15558,378.2,11.9,2.78,3.106,
9:13:11 AM,3/18/2026,260318-091309-Mohonk.bin,Mohonk,0,0.79,737.2,0.14,45.2,78.1,51,0.04,78.9,84.2,11.35,85.9,41.76794,-74.15559,379.2,11.9,2.78,2.964,
9:12:37 AM,3/18/2026,260318-091235-Mohonk.bin,Mohonk,0,0.75,737.2,0.13,45.3,80.4,52,0.04,81.2,84.9,11.69,86.6,41.76793,-74.15557,379.0,12.0,2.78,2.140,
9:12:04 AM,3/18/2026,260318-091202-Mohonk.bin,Mohonk,0,0.74,737.3,0.18,43.5,77.9,51,0.04,78.6,87.7,12.18,89.5,0.00000,0.00000,0.0,11.9,2.78,1.857,
11:02:43 AM,3/11/2026,260311-110241-Mohonk.bin,Mohonk,0,2.72,724.8,1.38,76.6,132.9,86,0.06,134.3,59.3,8.02,60.5,41.76788,-74.15559,386.3,11.9,2.80,2.843,
11:02:01 AM,3/11/2026,260311-110159-Mohonk.bin,Mohonk,0,1.27,724.8,0.23,76.3,132.4,86,0.06,133.9,61.4,8.30,62.6,41.76788,-74.15560,382.4,11.9,2.80,2.826,
11:01:32 AM,3/11/2026,260311-110130-Mohonk.bin,Mohonk,0,1.06,724.8,0.12,74.1,128.6,84,0.06,130.0,62.8,8.49,64.0,41.76788,-74.15559,381.3,11.9,2.80,2.810,
11:00:50 AM,3/11/2026,260311-110048-Mohonk.bin,Mohonk,0,0.71,724.9,0.04,73.2,127.0,83,0.06,128.4,63.8,8.63,65.1,41.76790,-74.15556,378.5,11.9,2.80,2.794,
11:00:23 AM,3/11/2026,260311-110021-Mohonk.bin,Mohonk,0,0.71,724.8,0.04,72.4,125.8,82,0.06,127.2,64.4,8.71,65.7,41.76789,-74.15556,378.0,11.9,2.80,2.782,
10:59:59 AM,3/11/2026,260311-105957-Mohonk.bin,Mohonk,0,0.73,724.8,0.15,71.8,124.7,81,0.06,126.0,65.2,8.82,66.5,41.76788,-74.15559,377.7,11.9,2.80,2.781,
10:59:30 AM,3/11/2026,260311-105928-Mohonk.bin,Mohonk,0,0.78,724.9,0.32,71.4,124.1,81,0.06,125.4,66.2,8.97,67.6,41.76787,-74.15558,382.0,11.9,2.80,2.762,
10:59:03 AM,3/11/2026,260311-105901-Mohonk.bin,Mohonk,0,0.90,724.9,0.53,71.0,123.5,80,0.06,124.8,66.9,9.07,68.3,41.76787,-74.15556,380.9,11.9,2.80,2.748,
10:58:37 AM,3/11/2026,260311-105835-Mohonk.bin,Mohonk,0,0.82,724.9,0.17,70.7,123.0,80,0.06,124.3,67.3,9.12,68.7,41.76787,-74.15556,384.9,11.9,2.80,2.738,
10:58:10 AM,3/11/2026,260311-105808-Mohonk.bin,Mohonk,0,0.97,724.9,1.12,70.7,123.1,80,0.06,124.4,67.7,9.17,69.0,41.76788,-74.15554,380.5,11.9,2.80,2.732,
10:57:43 AM,3/11/2026,260311-105741-Mohonk.bin,Mohonk,0,0.93,725.0,0.54,70.5,122.6,80,0.06,123.9,68.2,9.24,69.5,41.76786,-74.15553,381.7,11.9,2.80,2.729,
10:57:20 AM,3/11/2026,260311-105718-Mohonk.bin,Mohonk,0,0.90,725.0,0.54,70.2,122.3,79,0.06,123.6,68.5,9.29,69.9,41.76785,-74.15552,380.1,11.9,2.80,2.713,
10:56:52 AM,3/11/2026,260311-105650-Mohonk.bin,Mohonk,0,0.79,725.0,0.19,70.5,122.8,80,0.06,124.1,68.9,9.35,70.3,41.76784,-74.15553,385.9,11.9,2.80,2.693,
10:56:25 AM,3/11/2026,260311-105623-Mohonk.bin,Mohonk,0,0.92,725.0,0.53,70.6,123.1,80,0.06,124.4,69.0,9.37,70.4,41.76786,-74.15553,380.4,11.9,2.80,2.661,
10:55:54 AM,3/11/2026,260311-105552-Mohonk.bin,Mohonk,0,0.92,725.1,0.48,69.6,121.6,79,0.06,122.9,68.7,9.34,70.1,41.76791,-74.15557,383.3,11.9,2.80,2.622,
10:55:27 AM,3/11/2026,260311-105525-Mohonk.bin,Mohonk,0,0.89,725.0,0.38,68.5,119.6,78,0.06,120.9,68.3,9.29,69.7,41.76789,-74.15559,376.0,11.9,2.80,2.636,
10:55:00 AM,3/11/2026,260311-105458-Mohonk.bin,Mohonk,0,0.86,725.0,0.17,67.4,117.6,76,0.05,118.8,67.8,9.21,69.2,41.76789,-74.15556,377.1,11.9,2.80,2.639,
10:54:31 AM,3/11/2026,260311-105430-Mohonk.bin,Mohonk,0,0.80,725.0,0.19,65.7,114.6,74,0.05,115.8,67.1,9.11,68.5,41.76790,-74.15555,377.1,11.9,2.80,2.664,
10:53:52 AM,3/11/2026,260311-105350-Mohonk.bin,Mohonk,0,0.85,725.0,0.23,63.3,110.2,72,0.05,111.4,66.4,9.00,67.7,41.76786,-74.15559,371.6,11.9,2.80,2.717,
10:53:25 AM,3/11/2026,260311-105323-Mohonk.bin,Mohonk,0,0.84,725.1,0.49,61.6,107.2,70,0.05,108.4,65.9,8.93,67.2,41.76790,-74.15560,377.4,11.9,2.80,2.723,
10:53:01 AM,3/11/2026,260311-105259-Mohonk.bin,Mohonk,0,0.91,725.1,0.62,61.1,106.3,69,0.05,107.5,65.6,8.89,66.9,41.76786,-74.15559,378.8,11.9,2.80,2.745,
10:52:38 AM,3/11/2026,260311-105236-Mohonk.bin,Mohonk,0,1.05,725.2,0.68,60.1,104.5,68,0.05,105.6,65.5,8.88,66.9,41.76783,-74.15551,384.9,11.9,2.80,2.750,
10:52:14 AM,3/11/2026,260311-105212-Mohonk.bin,Mohonk,0,0.79,725.2,0.13,59.5,103.4,67,0.05,104.5,65.8,8.91,67.1,41.76784,-74.15558,383.7,11.9,2.80,2.766,
10:51:44 AM,3/11/2026,260311-105142-Mohonk.bin,Mohonk,0,0.93,725.2,0.17,59.2,103.0,67,0.05,104.1,66.1,8.96,67.5,41.76784,-74.15560,382.9,11.9,2.80,2.760,
10:51:12 AM,3/11/2026,260311-105110-Mohonk.bin,Mohonk,0,0.93,725.2,0.49,58.8,102.2,66,0.05,103.3,66.6,9.02,67.9,41.76787,-74.15559,379.8,11.9,2.80,2.763,
10:50:46 AM,3/11/2026,260311-105044-Mohonk.bin,Mohonk,0,0.82,725.1,0.35,58.8,102.1,66,0.05,103.2,67.0,9.07,68.3,41.76783,-74.15565,376.8,11.9,2.80,2.763,
10:50:16 AM,3/11/2026,260311-105014-Mohonk.bin,Mohonk,0,0.80,725.2,0.29,58.6,101.9,66,0.05,103.0,67.5,9.15,68.9,41.76784,-74.15559,371.6,11.9,2.80,2.765,
10:49:37 AM,3/11/2026,260311-104935-Mohonk.bin,Mohonk,0,0.88,725.2,0.56,58.5,101.7,66,0.05,102.8,67.9,9.20,69.3,41.76785,-74.15559,364.1,11.9,2.80,2.765,
10:49:08 AM,3/11/2026,260311-104906-Mohonk.bin,Mohonk,0,0.80,725.1,0.21,58.4,101.5,66,0.05,102.6,68.1,9.23,69.5,41.76780,-74.15561,364.6,11.9,2.80,2.761,
10:48:39 AM,3/11/2026,260311-104837-Mohonk.bin,Mohonk,0,0.81,725.2,0.24,58.4,101.6,66,0.05,102.6,68.3,9.25,69.7,41.76786,-74.15559,365.8,11.9,2.80,2.758,
10:48:10 AM,3/11/2026,260311-104808-Mohonk.bin,Mohonk,0,0.87,725.2,0.33,58.4,101.6,66,0.05,102.7,68.5,9.28,69.9,41.76787,-74.15557,370.5,11.9,2.80,2.754,
10:47:43 AM,3/11/2026,260311-104741-Mohonk.bin,Mohonk,0,0.82,725.1,0.22,58.5,101.7,66,0.05,102.8,68.8,9.32,70.1,41.76788,-74.15556,377.4,11.9,2.80,2.746,
10:47:15 AM,3/11/2026,260311-104713-Mohonk.bin,Mohonk,0,0.77,725.1,0.14,58.7,102.1,66,0.05,103.1,69.1,9.37,70.5,41.76789,-74.15555,381.1,11.9,2.80,2.734,
10:46:50 AM,3/11/2026,260311-104648-Mohonk.bin,Mohonk,0,0.81,725.2,0.35,58.7,102.1,66,0.05,103.2,69.6,9.43,71.0,41.76787,-74.15557,383.1,11.9,2.80,2.729,
10:46:18 AM,3/11/2026,260311-104616-Mohonk.bin,Mohonk,0,0.77,725.1,0.18,58.7,102.2,66,0.05,103.3,70.2,9.52,71.6,41.76787,-74.15557,384.6,11.9,2.80,2.725,
10:45:45 AM,3/11/2026,260311-104543-Mohonk.bin,Mohonk,0,0.84,725.2,0.25,58.7,102.1,66,0.05,103.2,71.0,9.62,72.4,41.76791,-74.15554,387.7,11.9,2.80,2.719,
10:45:15 AM,3/11/2026,260311-104513-Mohonk.bin,Mohonk,0,0.88,725.2,0.46,58.6,102.0,66,0.05,103.1,71.9,9.75,73.4,41.76788,-74.15555,384.2,11.9,2.80,2.712,
10:44:50 AM,3/11/2026,260311-104448-Mohonk.bin,Mohonk,0,0.75,725.2,0.16,58.7,102.2,66,0.05,103.2,72.8,9.87,74.2,41.76788,-74.15556,382.8,11.9,2.80,2.705,
10:44:23 AM,3/11/2026,260311-104421-Mohonk.bin,Mohonk,0,0.73,725.2,0.17,58.6,102.1,66,0.05,103.2,74.0,10.04,75.5,41.76788,-74.15557,384.0,11.9,2.80,2.698,
10:43:48 AM,3/11/2026,260311-104346-Mohonk.bin,Mohonk,0,0.80,725.2,0.34,58.6,102.1,66,0.05,103.1,76.1,10.32,77.6,41.76789,-74.15559,384.9,11.9,2.80,2.687,
10:43:08 AM,3/11/2026,260311-104306-Mohonk.bin,Mohonk,0,0.84,725.2,0.49,58.4,102.0,66,0.05,103.1,79.7,10.83,81.3,41.76791,-74.15558,378.7,11.9,2.80,2.643,
10:42:40 AM,3/11/2026,260311-104238-Mohonk.bin,Mohonk,0,0.76,725.2,0.26,58.6,102.5,67,0.05,103.6,81.9,11.15,83.6,41.76791,-74.15557,384.6,11.9,2.80,2.571,
10:42:14 AM,3/11/2026,260311-104212-Mohonk.bin,Mohonk,0,0.79,725.2,0.60,58.8,103.2,67,0.05,104.2,83.6,11.41,85.3,41.76791,-74.15556,385.1,11.9,2.80,2.499,
10:41:51 AM,3/11/2026,260311-104149-Mohonk.bin,Mohonk,0,0.75,725.2,0.26,59.0,103.8,67,0.05,104.8,85.0,11.62,86.7,41.76790,-74.15556,381.9,11.9,2.80,2.403,
10:41:24 AM,3/11/2026,260311-104122-Mohonk.bin,Mohonk,0,0.72,725.2,0.39,57.9,102.5,67,0.05,103.4,85.6,11.76,87.3,41.76790,-74.15556,381.1,11.9,2.80,2.253,
10:40:57 AM,3/11/2026,260311-104055-Mohonk.bin,Mohonk,0,0.72,725.2,0.40,53.3,94.5,61,0.04,95.3,85.7,11.79,87.4,41.76788,-74.15556,378.0,11.9,2.80,2.194,
10:40:24 AM,3/11/2026,260311-104022-Mohonk.bin,Mohonk,0,0.61,725.3,0.35,45.3,80.9,53,0.04,81.6,86.0,11.89,87.7,41.76785,-74.15559,368.6,12.0,2.80,2.002,
10:39:46 AM,3/11/2026,260311-103943-Mohonk.bin,Mohonk,0,1.07,725.2,1.99,13.2,24.7,16,0.01,24.8,81.8,11.75,83.5,0.00000,0.00000,0.0,11.9,2.80,0.627,
11:13:52 AM,3/4/2026,260304-111350-Mohonk.bin,Mohonk,0,0.65,734.7,0.02,61.5,106.0,69,0.05,107.2,59.0,7.94,60.2,41.76789,-74.15559,386.7,11.9,2.81,2.996,
11:13:24 AM,3/4/2026,260304-111322-Mohonk.bin,Mohonk,0,0.68,734.7,0.03,60.4,104.1,68,0.05,105.3,59.5,8.01,60.7,41.76788,-74.15557,383.3,11.9,2.81,3.001,
11:13:02 AM,3/4/2026,260304-111300-Mohonk.bin,Mohonk,0,0.66,734.6,0.03,60.2,104.0,68,0.05,105.1,60.5,8.14,61.7,41.76788,-74.15558,380.8,11.9,2.81,2.972,
11:12:38 AM,3/4/2026,260304-111236-Mohonk.bin,Mohonk,0,0.67,734.7,0.02,60.2,104.0,68,0.05,105.2,61.6,8.30,62.8,41.76786,-74.15559,377.0,11.9,2.81,2.924,
11:12:14 AM,3/4/2026,260304-111212-Mohonk.bin,Mohonk,0,0.66,734.6,0.01,60.1,104.2,68,0.05,105.3,62.5,8.45,63.8,41.76788,-74.15559,381.3,11.9,2.81,2.871,
11:11:52 AM,3/4/2026,260304-111150-Mohonk.bin,Mohonk,0,0.69,734.6,0.00,60.0,104.1,68,0.05,105.2,63.4,8.56,64.6,41.76788,-74.15559,383.9,11.9,2.81,2.842,
11:11:28 AM,3/4/2026,260304-111126-Mohonk.bin,Mohonk,0,0.67,734.6,0.02,60.0,104.0,68,0.05,105.2,64.3,8.69,65.6,41.76791,-74.15559,392.0,11.9,2.81,2.832,
11:11:06 AM,3/4/2026,260304-111104-Mohonk.bin,Mohonk,0,0.66,734.7,0.03,59.7,103.7,67,0.05,104.8,64.8,8.77,66.1,41.76793,-74.15557,391.7,11.9,2.81,2.809,
11:10:40 AM,3/4/2026,260304-111038-Mohonk.bin,Mohonk,0,0.67,734.6,0.03,59.6,103.6,67,0.05,104.7,65.5,8.87,66.8,41.76791,-74.15559,396.3,11.9,2.81,2.786,
11:10:16 AM,3/4/2026,260304-111014-Mohonk.bin,Mohonk,0,0.69,734.6,0.02,59.4,103.3,67,0.05,104.4,66.0,8.94,67.3,41.76793,-74.15559,402.6,11.9,2.81,2.766,
11:09:52 AM,3/4/2026,260304-110950-Mohonk.bin,Mohonk,0,0.67,734.6,0.02,59.3,103.1,67,0.05,104.2,66.4,9.00,67.7,41.76792,-74.15557,400.2,11.9,2.81,2.749,
11:09:29 AM,3/4/2026,260304-110927-Mohonk.bin,Mohonk,0,0.69,734.5,0.05,59.2,103.1,67,0.05,104.2,66.8,9.06,68.2,41.76791,-74.15557,396.3,11.9,2.81,2.736,
11:09:01 AM,3/4/2026,260304-110859-Mohonk.bin,Mohonk,0,0.68,734.5,0.02,59.2,103.1,67,0.05,104.2,67.2,9.11,68.5,41.76790,-74.15557,395.4,11.9,2.81,2.714,
11:08:39 AM,3/4/2026,260304-110837-Mohonk.bin,Mohonk,0,0.70,734.5,0.02,59.2,103.1,67,0.05,104.1,67.4,9.14,68.7,41.76790,-74.15558,399.6,11.9,2.81,2.702,
11:07:52 AM,3/4/2026,260304-110750-Mohonk.bin,Mohonk,0,0.69,734.5,0.02,59.2,103.2,67,0.05,104.3,68.0,9.23,69.4,41.76796,-74.15562,404.7,11.9,2.81,2.685,
11:07:29 AM,3/4/2026,260304-110727-Mohonk.bin,Mohonk,0,0.74,734.5,0.05,59.2,103.2,67,0.05,104.3,68.4,9.29,69.8,41.76797,-74.15559,409.6,11.9,2.81,2.670,
11:07:05 AM,3/4/2026,260304-110703-Mohonk.bin,Mohonk,0,0.69,734.5,0.03,59.2,103.2,67,0.05,104.3,68.7,9.34,70.1,41.76803,-74.15556,421.2,11.9,2.81,2.658,
11:06:37 AM,3/4/2026,260304-110635-Mohonk.bin,Mohonk,0,0.69,734.6,0.04,59.1,103.2,67,0.05,104.3,69.1,9.39,70.5,41.76804,-74.15553,418.9,11.9,2.81,2.646,
11:06:13 AM,3/4/2026,260304-110611-Mohonk.bin,Mohonk,0,0.69,734.5,0.04,59.1,103.2,67,0.05,104.3,69.4,9.43,70.8,41.76787,-74.15559,376.9,11.9,2.81,2.638,
11:05:49 AM,3/4/2026,260304-110547-Mohonk.bin,Mohonk,0,0.72,734.5,0.06,59.1,103.2,67,0.05,104.3,69.7,9.47,71.1,41.76788,-74.15556,380.2,11.9,2.81,2.627,
11:05:26 AM,3/4/2026,260304-110524-Mohonk.bin,Mohonk,0,0.73,734.5,0.04,59.1,103.2,67,0.05,104.2,69.9,9.51,71.3,41.76791,-74.15553,382.5,11.9,2.81,2.616,
11:04:57 AM,3/4/2026,260304-110455-Mohonk.bin,Mohonk,0,0.72,734.6,0.07,59.1,103.2,67,0.05,104.3,70.2,9.55,71.7,41.76789,-74.15556,380.9,11.9,2.81,2.604,
11:04:32 AM,3/4/2026,260304-110430-Mohonk.bin,Mohonk,0,0.70,734.7,0.02,59.0,103.2,67,0.05,104.2,70.5,9.60,72.0,41.76785,-74.15559,377.6,11.9,2.81,2.597,
11:04:03 AM,3/4/2026,260304-110401-Mohonk.bin,Mohonk,0,0.71,734.7,0.06,58.9,103.0,67,0.05,104.1,71.0,9.66,72.4,41.76785,-74.15558,376.4,11.9,2.81,2.593,
11:03:39 AM,3/4/2026,260304-110337-Mohonk.bin,Mohonk,0,0.69,734.6,0.04,58.5,102.3,66,0.05,103.3,71.4,9.71,72.8,41.76786,-74.15557,376.7,11.9,2.81,2.589,
11:03:17 AM,3/4/2026,260304-110315-Mohonk.bin,Mohonk,0,0.72,734.5,0.03,58.5,102.4,67,0.05,103.4,71.7,9.76,73.1,41.76785,-74.15559,376.5,11.9,2.81,2.580,
11:02:50 AM,3/4/2026,260304-110248-Mohonk.bin,Mohonk,0,0.73,734.5,0.04,58.5,102.3,66,0.05,103.3,72.2,9.83,73.7,41.76786,-74.15556,376.1,11.9,2.81,2.571,
11:02:23 AM,3/4/2026,260304-110221-Mohonk.bin,Mohonk,0,0.71,734.5,0.06,58.4,102.2,66,0.05,103.2,72.8,9.92,74.3,41.76786,-74.15558,379.6,11.9,2.81,2.564,
11:02:00 AM,3/4/2026,260304-110158-Mohonk.bin,Mohonk,0,0.76,734.6,0.06,58.3,102.1,66,0.05,103.1,73.5,10.01,75.0,41.76788,-74.15556,381.0,11.9,2.81,2.551,
11:01:36 AM,3/4/2026,260304-110134-Mohonk.bin,Mohonk,0,0.74,734.6,0.06,58.3,102.1,66,0.05,103.2,74.3,10.12,75.8,41.76786,-74.15559,381.8,11.9,2.81,2.541,
11:01:10 AM,3/4/2026,260304-110108-Mohonk.bin,Mohonk,0,0.74,734.6,0.03,58.2,102.1,66,0.05,103.1,75.3,10.26,76.8,41.76787,-74.15557,381.2,11.9,2.81,2.521,
11:00:37 AM,3/4/2026,260304-110035-Mohonk.bin,Mohonk,0,0.75,734.7,0.08,58.2,102.0,66,0.05,103.0,76.6,10.44,78.1,41.76788,-74.15556,382.8,11.9,2.81,2.501,
11:00:14 AM,3/4/2026,260304-110012-Mohonk.bin,Mohonk,0,0.76,734.7,0.07,57.9,101.6,66,0.05,102.6,77.7,10.60,79.2,41.76788,-74.15556,380.4,11.9,2.81,2.482,
10:59:50 AM,3/4/2026,260304-105948-Mohonk.bin,Mohonk,0,0.77,734.8,0.08,57.8,101.5,66,0.05,102.5,78.8,10.77,80.4,41.76789,-74.15556,381.1,11.9,2.81,2.454,
10:59:25 AM,3/4/2026,260304-105923-Mohonk.bin,Mohonk,0,0.80,734.7,0.10,57.7,101.6,66,0.05,102.6,80.0,10.94,81.6,41.76789,-74.15556,382.1,11.9,2.81,2.391,
10:59:02 AM,3/4/2026,260304-105900-Mohonk.bin,Mohonk,0,0.79,734.6,0.09,56.7,99.9,65,0.05,100.9,81.1,11.10,82.7,41.76790,-74.15559,381.7,11.9,2.81,2.353,
10:58:40 AM,3/4/2026,260304-105838-Mohonk.bin,Mohonk,0,0.85,734.7,0.20,56.6,100.0,65,0.05,101.0,82.4,11.30,84.1,41.76790,-74.15560,380.7,11.9,2.81,2.292,
10:58:14 AM,3/4/2026,260304-105812-Mohonk.bin,Mohonk,0,0.83,734.7,0.15,56.7,100.6,65,0.05,101.5,84.2,11.60,85.9,41.76791,-74.15561,380.2,11.9,2.81,2.161,
10:57:49 AM,3/4/2026,260304-105747-Mohonk.bin,Mohonk,0,0.91,734.7,0.26,57.2,102.0,66,0.05,102.9,86.2,11.92,87.9,41.76787,-74.15561,383.5,11.9,2.81,1.998,
10:57:26 AM,3/4/2026,260304-105724-Mohonk.bin,Mohonk,0,1.06,734.7,0.52,57.3,103.0,67,0.05,103.9,87.6,12.18,89.4,41.76787,-74.15560,383.7,11.9,2.81,1.787,
10:57:02 AM,3/4/2026,260304-105700-Mohonk.bin,Mohonk,0,2.52,734.7,6.20,57.6,104.5,68,0.05,105.3,88.7,12.44,90.4,41.76789,-74.15562,385.8,11.9,2.81,1.476,
10:56:37 AM,3/4/2026,260304-105635-Mohonk.bin,Mohonk,0,3.38,734.8,4.69,57.7,106.3,69,0.05,106.9,88.9,12.60,90.7,41.76789,-74.15559,383.5,11.9,2.81,1.093,
10:55:59 AM,3/4/2026,260304-105557-Mohonk.bin,Mohonk,0,5.53,734.8,12.99,58.4,111.2,72,0.05,111.6,88.3,12.85,90.1,41.76792,-74.15559,383.2,11.9,2.81,0.146,
10:55:16 AM,3/4/2026,260304-105514-Mohonk.bin,Mohonk,0,1.75,734.7,0.93,58.1,110.7,72,0.05,111.1,86.8,12.65,88.6,41.76793,-74.15558,389.4,11.9,2.81,0.134,
10:54:43 AM,3/4/2026,260304-105441-Mohonk.bin,Mohonk,0,1.38,734.8,1.67,59.4,112.6,73,0.05,113.0,85.7,12.44,87.4,41.76790,-74.15553,386.5,11.9,2.80,0.249,
10:49:32 AM,2/25/2026,260225-104930-Mohonk.bin,Mohonk,0,1.55,718.9,0.75,64.8,111.8,73,0.05,113.1,57.0,7.68,58.2,41.76801,-74.15556,400.9,11.9,2.81,2.990,
10:49:05 AM,2/25/2026,260225-104903-Mohonk.bin,Mohonk,0,1.84,718.8,1.27,65.0,112.1,73,0.05,113.4,56.9,7.66,58.1,41.76806,-74.15557,402.1,11.9,2.81,2.981,
10:48:38 AM,2/25/2026,260225-104836-Mohonk.bin,Mohonk,0,1.82,718.8,0.46,65.3,112.6,73,0.05,113.9,58.0,7.80,59.1,41.76797,-74.15556,390.6,11.9,2.81,2.985,
10:47:27 AM,2/25/2026,260225-104725-Mohonk.bin,Mohonk,0,0.64,718.8,0.02,62.0,107.2,70,0.05,108.4,61.3,8.26,62.6,41.76788,-74.15560,384.0,11.9,2.81,2.948,
10:47:01 AM,2/25/2026,260225-104659-Mohonk.bin,Mohonk,0,0.67,718.8,0.03,61.9,107.1,70,0.05,108.3,62.3,8.40,63.5,41.76785,-74.15564,389.9,11.9,2.81,2.907,
10:46:25 AM,2/25/2026,260225-104623-Mohonk.bin,Mohonk,0,0.67,718.7,0.04,61.6,106.6,69,0.05,107.7,63.4,8.56,64.7,41.76790,-74.15560,383.0,11.9,2.81,2.889,
10:45:54 AM,2/25/2026,260225-104553-Mohonk.bin,Mohonk,0,0.69,718.9,0.02,61.2,106.1,69,0.05,107.3,64.1,8.67,65.4,41.76792,-74.15559,387.5,11.9,2.81,2.847,
10:45:15 AM,2/25/2026,260225-104514-Mohonk.bin,Mohonk,0,0.66,718.7,0.03,61.0,105.8,69,0.05,107.0,64.6,8.74,65.9,41.76813,-74.15549,397.0,11.9,2.81,2.804,
10:44:48 AM,2/25/2026,260225-104446-Mohonk.bin,Mohonk,0,0.71,718.9,0.06,60.5,105.1,68,0.05,106.3,64.9,8.79,66.3,41.76793,-74.15558,379.7,11.9,2.81,2.791,
10:44:21 AM,2/25/2026,260225-104419-Mohonk.bin,Mohonk,0,0.71,718.8,0.04,59.7,103.7,67,0.05,104.8,65.3,8.84,66.6,41.76801,-74.15554,380.3,11.9,2.81,2.777,
10:43:55 AM,2/25/2026,260225-104353-Mohonk.bin,Mohonk,0,0.70,718.8,0.03,59.3,103.1,67,0.05,104.2,65.7,8.90,67.0,41.76801,-74.15555,387.3,11.9,2.81,2.769,
10:43:22 AM,2/25/2026,260225-104321-Mohonk.bin,Mohonk,0,0.68,718.8,0.10,59.1,102.8,67,0.05,103.9,66.2,8.96,67.5,41.76789,-74.15562,392.7,11.9,2.81,2.756,
10:42:37 AM,2/25/2026,260225-104235-Mohonk.bin,Mohonk,0,0.67,718.8,0.04,59.1,102.8,67,0.05,103.9,66.8,9.05,68.1,41.76800,-74.15553,414.9,11.9,2.81,2.740,
10:42:04 AM,2/25/2026,260225-104202-Mohonk.bin,Mohonk,0,0.69,718.8,0.02,59.1,102.8,67,0.05,103.9,67.3,9.12,68.7,41.76796,-74.15550,439.9,11.9,2.81,2.725,
10:41:38 AM,2/25/2026,260225-104136-Mohonk.bin,Mohonk,0,0.70,718.9,0.02,59.1,103.0,67,0.05,104.1,67.6,9.17,69.0,41.76805,-74.15544,460.5,11.9,2.81,2.700,
10:41:12 AM,2/25/2026,260225-104110-Mohonk.bin,Mohonk,0,0.69,718.8,0.03,59.1,103.0,67,0.05,104.1,67.8,9.20,69.1,41.76799,-74.15546,445.9,11.9,2.81,2.686,
10:40:23 AM,2/25/2026,260225-104021-Mohonk.bin,Mohonk,0,0.72,718.8,0.11,59.1,103.0,67,0.05,104.0,68.2,9.26,69.6,41.76817,-74.15529,497.8,11.9,2.81,2.671,
10:39:46 AM,2/25/2026,260225-103944-Mohonk.bin,Mohonk,0,0.72,718.9,0.02,59.0,102.9,67,0.05,104.0,68.7,9.33,70.1,41.76807,-74.15536,462.6,11.9,2.81,2.658,
10:39:20 AM,2/25/2026,260225-103918-Mohonk.bin,Mohonk,0,0.71,718.9,0.06,58.8,102.6,67,0.05,103.7,69.1,9.39,70.5,41.76802,-74.15543,439.6,11.9,2.81,2.650,
10:38:53 AM,2/25/2026,260225-103851-Mohonk.bin,Mohonk,0,0.69,718.8,0.02,58.7,102.5,67,0.05,103.6,69.5,9.44,70.9,41.76789,-74.15556,408.9,11.9,2.81,2.645,
10:38:23 AM,2/25/2026,260225-103821-Mohonk.bin,Mohonk,0,0.68,718.8,0.02,58.5,102.2,66,0.05,103.2,69.9,9.50,71.3,41.76794,-74.15553,425.9,11.9,2.81,2.632,
10:37:34 AM,2/25/2026,260225-103732-Mohonk.bin,Mohonk,0,0.71,718.8,0.03,58.5,102.1,66,0.05,103.2,70.4,9.57,71.8,41.76787,-74.15559,431.4,11.9,2.81,2.617,
10:37:06 AM,2/25/2026,260225-103704-Mohonk.bin,Mohonk,0,0.73,718.8,0.02,58.4,102.1,66,0.05,103.1,70.7,9.61,72.1,41.76789,-74.15553,465.8,11.9,2.81,2.608,
10:36:40 AM,2/25/2026,260225-103638-Mohonk.bin,Mohonk,0,0.76,718.8,0.06,58.4,102.0,66,0.05,103.1,70.9,9.65,72.3,41.76823,-74.15525,491.4,11.9,2.81,2.595,
10:36:15 AM,2/25/2026,260225-103613-Mohonk.bin,Mohonk,0,0.71,718.8,0.03,58.3,102.0,66,0.05,103.1,71.1,9.68,72.6,41.76818,-74.15532,461.0,11.9,2.81,2.587,
10:35:44 AM,2/25/2026,260225-103542-Mohonk.bin,Mohonk,0,0.69,718.8,0.04,58.3,101.9,66,0.05,103.0,71.5,9.73,72.9,41.76804,-74.15546,409.6,11.9,2.81,2.575,
10:35:02 AM,2/25/2026,260225-103500-Mohonk.bin,Mohonk,0,0.72,718.9,0.06,58.1,101.6,66,0.05,102.7,71.8,9.78,73.3,41.76788,-74.15558,400.5,11.9,2.81,2.564,
10:34:31 AM,2/25/2026,260225-103429-Mohonk.bin,Mohonk,0,0.72,718.9,0.05,58.1,101.6,66,0.05,102.7,72.2,9.83,73.6,41.76777,-74.15564,411.7,11.9,2.81,2.557,
10:34:02 AM,2/25/2026,260225-103400-Mohonk.bin,Mohonk,0,0.76,718.9,0.03,58.0,101.6,66,0.05,102.6,72.4,9.87,73.9,41.76775,-74.15563,438.3,11.9,2.81,2.550,
10:33:15 AM,2/25/2026,260225-103313-Mohonk.bin,Mohonk,0,0.76,718.9,0.07,58.0,101.5,66,0.05,102.5,72.9,9.93,74.3,41.76837,-74.15512,476.1,11.9,2.81,2.544,
10:32:44 AM,2/25/2026,260225-103242-Mohonk.bin,Mohonk,0,0.73,718.9,0.04,57.9,101.4,66,0.05,102.5,73.2,9.98,74.7,41.76841,-74.15508,466.4,11.9,2.81,2.536,
10:32:13 AM,2/25/2026,260225-103211-Mohonk.bin,Mohonk,0,0.74,718.9,0.05,57.9,101.4,66,0.05,102.4,73.7,10.05,75.2,41.76850,-74.15501,457.9,11.9,2.81,2.528,
10:31:47 AM,2/25/2026,260225-103145-Mohonk.bin,Mohonk,0,0.72,718.9,0.04,57.8,101.3,66,0.05,102.4,74.2,10.11,75.6,41.76819,-74.15528,427.6,11.9,2.81,2.515,
10:31:19 AM,2/25/2026,260225-103117-Mohonk.bin,Mohonk,0,0.77,719.0,0.06,57.7,101.2,66,0.05,102.3,74.6,10.17,76.1,41.76798,-74.15549,406.9,11.9,2.81,2.501,
10:30:23 AM,2/25/2026,260225-103021-Mohonk.bin,Mohonk,0,0.79,718.9,0.09,57.5,101.0,66,0.05,102.0,75.8,10.34,77.3,41.76797,-74.15549,403.2,11.9,2.81,2.470,
10:29:54 AM,2/25/2026,260225-102952-Mohonk.bin,Mohonk,0,0.77,718.9,0.04,57.4,100.8,66,0.05,101.8,76.4,10.44,77.9,41.76794,-74.15553,399.2,11.9,2.81,2.449,
10:29:16 AM,2/25/2026,260225-102914-Mohonk.bin,Mohonk,0,0.77,718.9,0.06,57.3,100.7,65,0.05,101.7,77.3,10.57,78.9,41.76801,-74.15546,408.9,11.9,2.81,2.415,
10:28:45 AM,2/25/2026,260225-102843-Mohonk.bin,Mohonk,0,0.79,718.9,0.07,57.2,100.7,65,0.05,101.7,78.2,10.70,79.8,41.76797,-74.15552,405.9,11.9,2.81,2.374,
10:27:55 AM,2/25/2026,260225-102753-Mohonk.bin,Mohonk,0,0.81,718.9,0.06,56.9,100.4,65,0.05,101.4,79.8,10.93,81.4,41.76780,-74.15567,400.2,11.9,2.81,2.332,
10:27:27 AM,2/25/2026,260225-102725-Mohonk.bin,Mohonk,0,0.80,718.9,0.08,56.8,100.6,65,0.05,101.5,80.8,11.12,82.5,41.76785,-74.15561,421.9,11.9,2.81,2.193,
10:26:22 AM,2/25/2026,260225-102620-Mohonk.bin,Mohonk,0,0.92,718.9,0.21,56.1,100.0,65,0.05,100.9,83.8,11.57,85.4,41.76828,-74.15512,475.1,11.9,2.81,2.037,
10:25:54 AM,2/25/2026,260225-102552-Mohonk.bin,Mohonk,0,0.97,718.9,0.30,56.0,100.2,65,0.05,101.1,85.1,11.80,86.8,41.76817,-74.15524,450.4,11.9,2.81,1.899,
10:25:18 AM,2/25/2026,260225-102516-Mohonk.bin,Mohonk,0,1.10,718.9,0.33,56.1,103.3,67,0.05,104.0,85.8,12.16,87.5,41.76805,-74.15541,414.4,11.9,2.81,1.090,
10:24:46 AM,2/25/2026,260225-102444-Mohonk.bin,Mohonk,0,0.95,718.9,0.16,55.6,105.9,69,0.05,106.3,85.1,12.39,86.8,41.76796,-74.15552,401.1,11.9,2.81,0.143,
10:23:05 AM,2/25/2026,260225-102303-Mohonk.bin,Mohonk,0,1.25,718.9,0.22,57.3,108.9,71,0.05,109.3,88.2,12.82,90.0,41.76785,-74.15564,383.3,11.9,2.80,0.190,
10:22:08 AM,2/25/2026,260225-102206-Mohonk.bin,Mohonk,0,1.69,718.9,1.53,55.1,105.3,68,0.05,105.6,88.6,12.94,90.4,41.76761,-74.15585,384.1,11.9,2.80,0.039,
10:21:03 AM,2/25/2026,260225-102101-Mohonk.bin,Mohonk,0,1.58,718.9,1.07,45.8,87.5,57,0.04,87.8,89.5,13.07,91.3,41.76767,-74.15578,383.5,11.9,2.80,0.043,
10:20:38 AM,2/25/2026,260225-102036-Mohonk.bin,Mohonk,0,1.22,718.9,0.34,44.3,84.7,55,0.04,85.0,89.5,13.07,91.3,41.76772,-74.15574,382.5,11.9,2.80,0.036,
10:19:51 AM,2/25/2026,260225-101949-Mohonk.bin,Mohonk,0,1.28,718.9,0.92,24.4,46.6,30,0.02,46.7,88.9,12.98,90.6,0.00000,0.00000,0.0,11.9,2.80,0.040,
1:26:02 PM,2/19/2026,260219-132601-Mohonk.bin,Mohonk,0,0.95,728.8,0.21,61.2,105.5,69,0.05,106.7,59.7,8.03,60.9,41.76789,-74.15553,383.7,11.9,2.82,3.007,
1:25:34 PM,2/19/2026,260219-132532-Mohonk.bin,Mohonk,0,1.06,728.8,0.94,61.2,105.5,69,0.05,106.7,59.9,8.06,61.1,41.76791,-74.15559,383.1,11.9,2.82,3.011,
1:24:57 PM,2/19/2026,260219-132455-Mohonk.bin,Mohonk,0,0.83,728.8,0.10,61.3,105.7,69,0.05,106.9,60.6,8.16,61.9,41.76791,-74.15555,383.0,11.9,2.82,3.003,
1:24:08 PM,2/19/2026,260219-132406-Mohonk.bin,Mohonk,0,0.72,728.8,0.04,60.8,104.9,68,0.05,106.0,62.4,8.41,63.7,41.76791,-74.15557,383.8,11.9,2.82,2.985,
1:23:41 PM,2/19/2026,260219-132339-Mohonk.bin,Mohonk,0,0.71,728.8,0.08,61.1,105.5,69,0.05,106.7,64.0,8.62,65.3,41.76787,-74.15553,391.2,11.9,2.82,2.949,
1:23:14 PM,2/19/2026,260219-132312-Mohonk.bin,Mohonk,0,0.69,728.7,0.04,61.3,106.2,69,0.05,107.4,65.4,8.82,66.7,41.76785,-74.15550,391.3,11.9,2.82,2.877,
1:22:47 PM,2/19/2026,260219-132245-Mohonk.bin,Mohonk,0,0.69,728.8,0.04,61.3,106.4,69,0.05,107.5,66.3,8.97,67.7,41.76785,-74.15553,385.5,11.9,2.82,2.837,
1:22:21 PM,2/19/2026,260219-132219-Mohonk.bin,Mohonk,0,0.67,728.8,0.03,61.1,106.2,69,0.05,107.3,66.9,9.05,68.2,41.76787,-74.15558,382.0,11.9,2.82,2.787,
1:21:36 PM,2/19/2026,260219-132134-Mohonk.bin,Mohonk,0,0.73,728.8,0.05,60.1,104.6,68,0.05,105.7,67.8,9.19,69.2,41.76788,-74.15559,381.1,11.9,2.82,2.746,
1:21:01 PM,2/19/2026,260219-132059-Mohonk.bin,Mohonk,0,0.76,728.7,0.14,59.5,103.5,67,0.05,104.6,68.5,9.28,69.9,41.76788,-74.15556,384.5,11.9,2.82,2.735,
1:20:19 PM,2/19/2026,260219-132017-Mohonk.bin,Mohonk,0,0.71,728.8,0.03,59.2,103.2,67,0.05,104.3,69.4,9.42,70.8,41.76788,-74.15560,385.8,11.9,2.82,2.703,
1:18:47 PM,2/19/2026,260219-131845-Mohonk.bin,Mohonk,0,0.71,728.8,0.08,59.2,103.4,67,0.05,104.4,70.7,9.62,72.2,41.76792,-74.15562,382.1,11.9,2.82,2.616,
1:18:10 PM,2/19/2026,260219-131808-Mohonk.bin,Mohonk,0,0.69,728.8,0.05,59.2,103.5,67,0.05,104.6,71.1,9.68,72.6,41.76789,-74.15555,381.4,11.9,2.82,2.597,
1:17:40 PM,2/19/2026,260219-131738-Mohonk.bin,Mohonk,0,0.71,728.8,0.03,59.2,103.5,67,0.05,104.6,71.4,9.72,72.9,41.76788,-74.15555,387.2,11.9,2.82,2.578,
1:17:15 PM,2/19/2026,260219-131714-Mohonk.bin,Mohonk,0,0.73,728.8,0.03,59.1,103.4,67,0.05,104.5,71.6,9.74,73.0,41.76789,-74.15556,388.5,11.9,2.82,2.579,
1:16:43 PM,2/19/2026,260219-131641-Mohonk.bin,Mohonk,0,0.78,728.9,0.16,59.1,103.4,67,0.05,104.5,71.8,9.78,73.3,41.76790,-74.15555,398.3,11.9,2.82,2.575,
1:16:14 PM,2/19/2026,260219-131612-Mohonk.bin,Mohonk,0,0.79,728.8,0.09,59.1,103.4,67,0.05,104.4,72.1,9.81,73.5,41.76805,-74.15564,399.1,11.9,2.82,2.572,
1:15:25 PM,2/19/2026,260219-131523-Mohonk.bin,Mohonk,0,0.74,728.8,0.09,59.0,103.4,67,0.05,104.4,72.6,9.89,74.1,41.76791,-74.15559,394.2,11.9,2.82,2.554,
1:14:46 PM,2/19/2026,260219-131444-Mohonk.bin,Mohonk,0,0.72,728.8,0.04,58.9,103.1,67,0.05,104.2,73.0,9.95,74.5,41.76790,-74.15559,392.2,11.9,2.82,2.544,
1:13:50 PM,2/19/2026,260219-131348-Mohonk.bin,Mohonk,0,0.76,728.9,0.12,58.6,102.6,67,0.05,103.7,73.7,10.04,75.2,41.76790,-74.15562,390.9,11.9,2.82,2.527,
1:13:09 PM,2/19/2026,260219-131307-Mohonk.bin,Mohonk,0,0.73,728.8,0.02,58.3,102.2,66,0.05,103.3,74.1,10.10,75.6,41.76791,-74.15557,388.8,11.9,2.82,2.510,
1:12:38 PM,2/19/2026,260219-131236-Mohonk.bin,Mohonk,0,0.79,728.9,0.18,58.3,102.2,66,0.05,103.2,74.3,10.13,75.8,41.76789,-74.15557,389.2,11.9,2.82,2.507,
1:12:07 PM,2/19/2026,260219-131205-Mohonk.bin,Mohonk,0,0.73,728.9,0.04,58.2,102.1,66,0.05,103.2,74.6,10.17,76.1,41.76790,-74.15559,389.0,11.9,2.82,2.498,
1:11:22 PM,2/19/2026,260219-131120-Mohonk.bin,Mohonk,0,0.78,728.9,0.10,58.2,102.1,66,0.05,103.2,75.0,10.23,76.5,41.76794,-74.15560,384.4,11.9,2.82,2.491,
1:10:50 PM,2/19/2026,260219-131048-Mohonk.bin,Mohonk,0,0.75,728.9,0.10,58.2,102.1,66,0.05,103.1,75.3,10.28,76.8,41.76790,-74.15558,380.8,11.9,2.82,2.485,
1:10:20 PM,2/19/2026,260219-131019-Mohonk.bin,Mohonk,0,0.75,728.9,0.05,58.2,102.1,66,0.05,103.1,75.7,10.33,77.2,41.76790,-74.15562,384.5,11.9,2.82,2.477,
1:09:54 PM,2/19/2026,260219-130952-Mohonk.bin,Mohonk,0,0.77,729.0,0.05,58.1,102.0,66,0.05,103.0,76.0,10.38,77.6,41.76788,-74.15559,385.7,11.9,2.82,2.467,
1:09:22 PM,2/19/2026,260219-130920-Mohonk.bin,Mohonk,0,0.77,728.9,0.03,58.0,101.9,66,0.05,102.9,76.5,10.44,78.0,41.76788,-74.15556,383.4,11.9,2.82,2.456,
1:08:42 PM,2/19/2026,260219-130840-Mohonk.bin,Mohonk,0,0.75,728.9,0.07,57.8,101.5,66,0.05,102.6,77.1,10.54,78.7,41.76787,-74.15556,388.5,11.9,2.82,2.445,
1:08:09 PM,2/19/2026,260219-130808-Mohonk.bin,Mohonk,0,0.76,728.9,0.03,57.8,101.5,66,0.05,102.6,77.7,10.62,79.3,41.76786,-74.15556,388.4,11.9,2.82,2.435,
1:07:38 PM,2/19/2026,260219-130736-Mohonk.bin,Mohonk,0,1.05,728.9,0.32,57.7,101.4,66,0.05,102.4,78.3,10.71,79.9,41.76785,-74.15554,388.0,11.9,2.82,2.418,
1:06:50 PM,2/19/2026,260219-130648-Mohonk.bin,Mohonk,0,0.85,729.0,0.10,57.5,101.2,66,0.05,102.2,79.6,10.89,81.2,41.76788,-74.15553,380.0,11.9,2.82,2.384,
1:06:19 PM,2/19/2026,260219-130617-Mohonk.bin,Mohonk,0,0.78,728.9,0.05,57.4,101.2,66,0.05,102.2,80.7,11.05,82.3,41.76786,-74.15559,385.8,11.9,2.82,2.346,
1:05:52 PM,2/19/2026,260219-130550-Mohonk.bin,Mohonk,0,0.79,728.9,0.11,57.3,101.1,66,0.05,102.0,81.9,11.22,83.5,41.76786,-74.15561,383.6,11.9,2.82,2.324,
1:05:26 PM,2/19/2026,260219-130524-Mohonk.bin,Mohonk,0,0.82,729.0,0.10,57.2,101.3,66,0.05,102.3,83.2,11.44,84.9,41.76785,-74.15562,388.5,11.9,2.82,2.212,
1:04:45 PM,2/19/2026,260219-130443-Mohonk.bin,Mohonk,0,0.86,728.9,0.12,57.3,102.0,66,0.05,102.9,85.8,11.85,87.5,41.76782,-74.15556,393.1,11.9,2.82,2.052,
1:04:02 PM,2/19/2026,260219-130400-Mohonk.bin,Mohonk,0,0.92,728.9,0.31,57.5,102.9,67,0.05,103.8,89.7,12.44,91.5,41.76783,-74.15554,393.0,11.9,2.82,1.868,
1:03:34 PM,2/19/2026,260219-130332-Mohonk.bin,Mohonk,0,1.30,728.9,0.37,57.6,104.1,68,0.05,105.0,91.5,12.78,93.3,41.76780,-74.15555,398.1,11.9,2.82,1.603,
1:03:00 PM,2/19/2026,260219-130258-Mohonk.bin,Mohonk,0,1.30,729.0,1.23,57.7,104.9,68,0.05,105.6,92.3,12.96,94.2,41.76791,-74.15568,400.5,11.9,2.82,1.428,
1:02:27 PM,2/19/2026,260219-130225-Mohonk.bin,Mohonk,0,1.36,729.0,1.31,57.6,105.2,68,0.05,106.0,92.6,13.05,94.5,41.76794,-74.15562,389.9,11.9,2.82,1.305,
1:01:40 PM,2/19/2026,260219-130138-Mohonk.bin,Mohonk,0,1.21,729.0,0.33,67.8,128.7,84,0.06,129.1,89.1,12.94,90.9,41.76797,-74.15560,390.8,11.9,2.82,0.236,
1:01:01 PM,2/19/2026,260219-130059-Mohonk.bin,Mohonk,0,1.18,729.1,0.42,72.7,136.9,89,0.06,137.5,85.1,12.27,86.8,41.76771,-74.15543,385.0,11.9,2.81,0.456,
