sample_no,Depth_m,collect_date,Temp_C_DOProbe,DO_mgpL,DO_Sat_Percent
1,0,2024-01-03 00:00:00 UTC,3.4,11.21,88
1,1,2024-01-03 00:00:00 UTC,3.9,10.93,86.9
1,2,2024-01-03 00:00:00 UTC,3.8,10.9,86.4
1,3,2024-01-03 00:00:00 UTC,3.8,10.85,86.1
1,4,2024-01-03 00:00:00 UTC,3.8,10.84,86
1,5,2024-01-03 00:00:00 UTC,3.8,10.82,85.9
1,6,2024-01-03 00:00:00 UTC,3.8,10.79,85.6
1,7,2024-01-03 00:00:00 UTC,3.8,10.83,85.9
1,8,2024-01-03 00:00:00 UTC,3.8,10.82,85.8
1,9,2024-01-03 00:00:00 UTC,3.8,10.76,85.3
1,10,2024-01-03 00:00:00 UTC,3.8,10.66,84.6
1,11,2024-01-03 00:00:00 UTC,3.8,10.61,84.3
1,12,2024-01-03 00:00:00 UTC,3.9,10.41,83.3
2,0,2024-01-10 00:00:00 UTC,5.2,10.03,84.8
2,1,2024-01-10 00:00:00 UTC,3.9,10.47,85.5
2,2,2024-01-10 00:00:00 UTC,3.7,10.52,85.4
2,3,2024-01-10 00:00:00 UTC,3.6,10.54,85.3
2,4,2024-01-10 00:00:00 UTC,3.4,10.53,85.2
2,5,2024-01-10 00:00:00 UTC,3.6,10.42,84.4
2,6,2024-01-10 00:00:00 UTC,3.7,10.31,83.7
2,7,2024-01-10 00:00:00 UTC,3.7,10.21,83
2,8,2024-01-10 00:00:00 UTC,3.8,10.17,82.7
2,9,2024-01-10 00:00:00 UTC,3.8,10.11,82.3
2,10,2024-01-10 00:00:00 UTC,3.8,10.06,81.9
2,11,2024-01-10 00:00:00 UTC,3.8,9.92,80.8
2,12,2024-01-10 00:00:00 UTC,3.7,9.97,80.9
3,0,2024-01-17 00:00:00 UTC,0.6,12.1,88.2
3,1,2024-01-17 00:00:00 UTC,1.7,11.84,89
3,2,2024-01-17 00:00:00 UTC,2,11.68,88.4
3,3,2024-01-17 00:00:00 UTC,2.2,11.55,88.1
3,4,2024-01-17 00:00:00 UTC,2.4,11.5,88
3,5,2024-01-17 00:00:00 UTC,2.6,11.39,87.6
3,6,2024-01-17 00:00:00 UTC,2.7,11.27,87.1
3,7,2024-01-17 00:00:00 UTC,3,11.09,86.2
3,8,2024-01-17 00:00:00 UTC,3.1,10.97,85.7
3,9,2024-01-17 00:00:00 UTC,3.3,10.83,84.9
3,10,2024-01-17 00:00:00 UTC,3.4,10.73,84.3
3,11,2024-01-17 00:00:00 UTC,3.4,10.61,83.4
3,12,2024-01-17 00:00:00 UTC,3.5,10.32,81.4
6,0,2024-01-23 00:00:00 UTC,1.2,12.3,89.5
6,1,2024-01-23 00:00:00 UTC,2.1,11.72,87.4
6,2,2024-01-23 00:00:00 UTC,2.4,11.27,84.7
6,3,2024-01-23 00:00:00 UTC,2.5,11.05,83.3
6,4,2024-01-23 00:00:00 UTC,2.7,10.89,82.6
6,5,2024-01-23 00:00:00 UTC,3,10.74,82
6,6,2024-01-23 00:00:00 UTC,3.1,10.66,81.7
6,7,2024-01-23 00:00:00 UTC,3.2,10.56,81.2
6,8,2024-01-23 00:00:00 UTC,3.3,10.47,80.7
6,9,2024-01-23 00:00:00 UTC,3.4,10.36,80
6,10,2024-01-23 00:00:00 UTC,3.4,10.26,79.3
6,11,2024-01-23 00:00:00 UTC,3.5,10.17,78.7
6,12,2024-01-23 00:00:00 UTC,3.5,9.91,76.8
7,0,2024-01-30 00:00:00 UTC,6.1,10.75,90
7,1,2024-01-30 00:00:00 UTC,3.3,12.13,94.5
7,2,2024-01-30 00:00:00 UTC,2.9,12.12,93.4
7,3,2024-01-30 00:00:00 UTC,2.9,11.43,88.1
7,4,2024-01-30 00:00:00 UTC,3,10.95,84.4
7,5,2024-01-30 00:00:00 UTC,3.1,10.73,83
7,6,2024-01-30 00:00:00 UTC,3.2,10.54,81.8
7,7,2024-01-30 00:00:00 UTC,3.3,10.4,81
7,8,2024-01-30 00:00:00 UTC,3.4,10.27,80.1
7,9,2024-01-30 00:00:00 UTC,3.4,10.13,79
7,10,2024-01-30 00:00:00 UTC,3.4,9.87,77
7,11,2024-01-30 00:00:00 UTC,3.5,9.81,76.7
7,12,2024-01-30 00:00:00 UTC,3.4,10.09,78.7
8,0,2024-02-06 00:00:00 UTC,2.3,12.88,97.7
8,1,2024-02-06 00:00:00 UTC,3.2,12.29,95.5
8,2,2024-02-06 00:00:00 UTC,3.3,12.23,95.1
8,3,2024-02-06 00:00:00 UTC,3.2,12.27,95.3
8,4,2024-02-06 00:00:00 UTC,3.3,11.5,89.4
8,5,2024-02-06 00:00:00 UTC,3.3,10.7,83.4
8,6,2024-02-06 00:00:00 UTC,3.4,10.92,81.3
8,7,2024-02-06 00:00:00 UTC,3.5,10.22,79.8
8,8,2024-02-06 00:00:00 UTC,3.5,10.02,78.3
8,9,2024-02-06 00:00:00 UTC,3.5,9.9,77.4
8,10,2024-02-06 00:00:00 UTC,3.5,9.77,76.5
8,11,2024-02-06 00:00:00 UTC,3.5,9.67,75.6
8,12,2024-02-06 00:00:00 UTC,3.5,9.84,77
9,0,2024-02-13 00:00:00 UTC,1.4,10.47,79
9,1,2024-02-13 00:00:00 UTC,3.8,11.35,91.5
9,2,2024-02-13 00:00:00 UTC,3.8,11.45,92.2
9,3,2024-02-13 00:00:00 UTC,3.8,11.46,92.2
9,4,2024-02-13 00:00:00 UTC,3.8,11.44,91.9
9,5,2024-02-13 00:00:00 UTC,3.7,11.37,91.3
9,6,2024-02-13 00:00:00 UTC,3.7,11.33,90.9
9,7,2024-02-13 00:00:00 UTC,3.7,11.09,89
9,8,2024-02-13 00:00:00 UTC,3.7,10.56,84.6
9,9,2024-02-13 00:00:00 UTC,3.6,10.24,82
9,10,2024-02-13 00:00:00 UTC,3.6,10.36,83
9,11,2024-02-13 00:00:00 UTC,3.6,10.37,83
9,12,2024-02-13 00:00:00 UTC,3.7,10.11,81
10,0,2024-02-20 00:00:00 UTC,2.6,12.66,98.8
10,1,2024-02-20 00:00:00 UTC,4.1,11.61,91.3
10,2,2024-02-20 00:00:00 UTC,4.1,11.45,90
10,3,2024-02-20 00:00:00 UTC,4,11.41,89.6
10,4,2024-02-20 00:00:00 UTC,4,11.41,89.4
10,5,2024-02-20 00:00:00 UTC,3.9,11.39,89.3
10,6,2024-02-20 00:00:00 UTC,3.9,11.38,89.1
10,7,2024-02-20 00:00:00 UTC,3.9,11.37,89
10,8,2024-02-20 00:00:00 UTC,3.9,11.35,88.9
10,9,2024-02-20 00:00:00 UTC,3.9,11.34,88.7
10,10,2024-02-20 00:00:00 UTC,3.9,11.02,86.2
10,11,2024-02-20 00:00:00 UTC,3.8,10.02,78.2
10,12,2024-02-20 00:00:00 UTC,3.9,9.52,74.4
11,0,2024-02-27 00:00:00 UTC,5.6,11.8,98.3
11,1,2024-02-27 00:00:00 UTC,4.88,12.57,102.7
11,2,2024-02-27 00:00:00 UTC,4.7,12.68,103.2
11,3,2024-02-27 00:00:00 UTC,4.5,12.25,99.2
11,4,2024-02-27 00:00:00 UTC,4.3,11.89,95.9
11,5,2024-02-27 00:00:00 UTC,4.2,11.9,95.7
11,6,2024-02-27 00:00:00 UTC,4.2,11.88,95.5
11,7,2024-02-27 00:00:00 UTC,4.1,11.88,95.3
11,8,2024-02-27 00:00:00 UTC,4.1,11.89,95.3
11,9,2024-02-27 00:00:00 UTC,4.1,11.89,95.3
11,10,2024-02-27 00:00:00 UTC,4.1,11.89,95.3
11,11,2024-02-27 00:00:00 UTC,4,10.3,82.3
11,12,2024-02-27 00:00:00 UTC,4,9.78,78.1
12,0,2024-03-05 00:00:00 UTC,7,10.48,89.8
12,1,2024-03-05 00:00:00 UTC,5.7,10.96,90.9
12,2,2024-03-05 00:00:00 UTC,5.1,11.12,91
12,3,2024-03-05 00:00:00 UTC,4.9,11.22,91.1
12,4,2024-03-05 00:00:00 UTC,4.7,11.25,91
12,5,2024-03-05 00:00:00 UTC,4.6,11.24,90.8
12,6,2024-03-05 00:00:00 UTC,4.5,11.29,90.8
12,7,2024-03-05 00:00:00 UTC,4.5,11.27,90.6
12,8,2024-03-05 00:00:00 UTC,4.4,11.27,90.3
12,9,2024-03-05 00:00:00 UTC,4.4,11.26,90.2
12,10,2024-03-05 00:00:00 UTC,4.3,11.26,90.1
12,10.5,2024-03-05 00:00:00 UTC,,,
12,11,2024-03-05 00:00:00 UTC,4.3,11.24,90
12,12,2024-03-05 00:00:00 UTC,4.3,11.16,89.3
13,0,2024-03-12 00:00:00 UTC,6.5,11.6,96.5
13,1,2024-03-12 00:00:00 UTC,7.2,11.03,96.2
13,2,2024-03-12 00:00:00 UTC,5.9,11.5,97
13,3,2024-03-12 00:00:00 UTC,5.7,11.55,96.9
13,4,2024-03-12 00:00:00 UTC,5.4,11.6,96.6
13,5,2024-03-12 00:00:00 UTC,5,11.62,95.8
13,6,2024-03-12 00:00:00 UTC,4.8,11.63,95.3
13,7,2024-03-12 00:00:00 UTC,4.7,11.65,95.2
13,8,2024-03-12 00:00:00 UTC,4.6,11.65,95
13,9,2024-03-12 00:00:00 UTC,4.5,11.66,95
13,10,2024-03-12 00:00:00 UTC,4.5,11.65,94.8
13,10.5,2024-03-12 00:00:00 UTC,,,
13,11,2024-03-12 00:00:00 UTC,4.5,11.63,94.5
13,12,2024-03-12 00:00:00 UTC,4.4,11.6,94.2
14,0,2024-03-19 00:00:00 UTC,6.9,12.05,104.5
14,1,2024-03-19 00:00:00 UTC,6.6,12.2,105
14,2,2024-03-19 00:00:00 UTC,6.4,12.23,104.8
14,3,2024-03-19 00:00:00 UTC,6.3,12.27,104.8
14,4,2024-03-19 00:00:00 UTC,6.2,12.25,104.4
14,5,2024-03-19 00:00:00 UTC,6.1,12.3,104.6
14,6,2024-03-19 00:00:00 UTC,6,12.34,104.6
14,7,2024-03-19 00:00:00 UTC,5.9,12.34,104.5
14,8,2024-03-19 00:00:00 UTC,5.3,11.82,98.4
14,9,2024-03-19 00:00:00 UTC,5,11.38,94.1
14,10,2024-03-19 00:00:00 UTC,4.8,11.31,93
14,10.5,2024-03-19 00:00:00 UTC,,,
14,11,2024-03-19 00:00:00 UTC,4.7,11.24,92.3
14,12,2024-03-19 00:00:00 UTC,4.7,11.03,90.3
16,0,2024-03-26 00:00:00 UTC,7.2,11.4,98.1
16,1,2024-03-26 00:00:00 UTC,5.7,11.91,98.7
16,2,2024-03-26 00:00:00 UTC,5.5,11.91,98.2
16,3,2024-03-26 00:00:00 UTC,5.2,12,98.1
16,4,2024-03-26 00:00:00 UTC,5,12.01,97.9
16,5,2024-03-26 00:00:00 UTC,4.9,12,97.3
16,6,2024-03-26 00:00:00 UTC,4.8,11.97,96.8
16,7,2024-03-26 00:00:00 UTC,4.7,11.94,96.4
16,8,2024-03-26 00:00:00 UTC,4.7,11.93,96.3
16,9,2024-03-26 00:00:00 UTC,4.6,11.95,96.3
16,10,2024-03-26 00:00:00 UTC,4.6,11.9,95.8
16,11,2024-03-26 00:00:00 UTC,4.6,11.84,95.3
16,12,2024-03-26 00:00:00 UTC,4.5,11.83,95
17,0,2024-04-02 00:00:00 UTC,6.5,12.03,102.6
17,1,2024-04-02 00:00:00 UTC,7.2,11.65,101.1
17,2,2024-04-02 00:00:00 UTC,6.2,12.16,102.9
17,3,2024-04-02 00:00:00 UTC,6,12.16,102.4
17,4,2024-04-02 00:00:00 UTC,5.7,12.09,101.2
17,5,2024-04-02 00:00:00 UTC,5.6,12.12,100.9
17,6,2024-04-02 00:00:00 UTC,5.5,12.09,100.4
17,7,2024-04-02 00:00:00 UTC,5.3,12.1,100.1
17,8,2024-04-02 00:00:00 UTC,5.2,11.9,98.1
17,9,2024-04-02 00:00:00 UTC,5.1,11.84,97.3
17,10,2024-04-02 00:00:00 UTC,5.1,11.76,96.5
17,10.5,2024-04-02 00:00:00 UTC,,,
17,11,2024-04-02 00:00:00 UTC,5,11.58,94.9
17,12,2024-04-02 00:00:00 UTC,4.9,11.36,93
18,0,2024-04-09 00:00:00 UTC,10.1,11.61,107.8
18,1,2024-04-09 00:00:00 UTC,7.9,11.76,103.6
18,2,2024-04-09 00:00:00 UTC,7.1,12.11,104.4
18,3,2024-04-09 00:00:00 UTC,6.4,12.28,104.1
18,4,2024-04-09 00:00:00 UTC,6,12.4,104.1
18,5,2024-04-09 00:00:00 UTC,5.7,12.41,103.4
18,6,2024-04-09 00:00:00 UTC,5.6,12.37,102.8
18,7,2024-04-09 00:00:00 UTC,5.6,12.3,102.1
18,8,2024-04-09 00:00:00 UTC,5.5,12.18,100.9
18,9,2024-04-09 00:00:00 UTC,5.4,12.11,100
18,10,2024-04-09 00:00:00 UTC,5.4,12.06,99.5
18,11,2024-04-09 00:00:00 UTC,5.3,12.03,99.2
18,12,2024-04-09 00:00:00 UTC,5.3,11.85,97.6
19,0,2024-04-16 00:00:00 UTC,11.02,11.02,104.6
19,1,2024-04-16 00:00:00 UTC,10.4,11.18,104.1
19,2,2024-04-16 00:00:00 UTC,9.6,11.25,102.8
19,3,2024-04-16 00:00:00 UTC,8.7,11.54,103.1
19,4,2024-04-16 00:00:00 UTC,8,11.75,103.3
19,5,2024-04-16 00:00:00 UTC,7.6,11.56,100.7
19,6,2024-04-16 00:00:00 UTC,7.3,11.37,98.2
19,7,2024-04-16 00:00:00 UTC,6.7,11.21,95.4
19,8,2024-04-16 00:00:00 UTC,6.3,11.15,94
19,9,2024-04-16 00:00:00 UTC,5.8,10.91,90.7
19,10,2024-04-16 00:00:00 UTC,5.6,10.73,88.8
19,11,2024-04-16 00:00:00 UTC,5.5,10.66,88
19,12,2024-04-16 00:00:00 UTC,5.4,10.44,86
20,0,2024-04-23 00:00:00 UTC,11.7,10.81,104.1
20,1,2024-04-23 00:00:00 UTC,11.3,10.93,104.2
20,2,2024-04-23 00:00:00 UTC,11,11.01,104.2
20,3,2024-04-23 00:00:00 UTC,10.8,11.05,104.2
20,4,2024-04-23 00:00:00 UTC,10.6,11.05,103.8
20,5,2024-04-23 00:00:00 UTC,8.1,11.86,104.8
20,6,2024-04-23 00:00:00 UTC,7.2,12.04,104.2
20,7,2024-04-23 00:00:00 UTC,6.5,11.02,93.7
20,8,2024-04-23 00:00:00 UTC,6,10.66,89.5
20,9,2024-04-23 00:00:00 UTC,5.7,10.43,87
20,10,2024-04-23 00:00:00 UTC,5.5,10.18,84.5
20,11,2024-04-23 00:00:00 UTC,5.4,10.09,83.4
20,12,2024-04-23 00:00:00 UTC,5.3,9.66,79.7
21,0,2024-04-30 00:00:00 UTC,15,10.13,105.4
21,1,2024-04-30 00:00:00 UTC,14.7,10.22,105.6
21,2,2024-04-30 00:00:00 UTC,14.4,10.21,104.9
21,3,2024-04-30 00:00:00 UTC,12.1,10.6,103.2
21,4,2024-04-30 00:00:00 UTC,11.5,10.62,102.1
21,5,2024-04-30 00:00:00 UTC,9.5,11.39,104.5
21,6,2024-04-30 00:00:00 UTC,8.3,11.79,105.2
21,7,2024-04-30 00:00:00 UTC,7.2,11.75,102.1
21,8,2024-04-30 00:00:00 UTC,6.4,10.92,92.9
21,9,2024-04-30 00:00:00 UTC,6,9.85,82.8
21,10,2024-04-30 00:00:00 UTC,5.7,9.64,80.5
21,11,2024-04-30 00:00:00 UTC,5.5,9.36,77.8
21,12,2024-04-30 00:00:00 UTC,5.5,8.74,72.6
22,0,2024-05-07 00:00:00 UTC,16.4,9.61,103.3
22,1,2024-05-07 00:00:00 UTC,15.5,9.9,104.4
22,2,2024-05-07 00:00:00 UTC,15.1,10.1,105.6
22,3,2024-05-07 00:00:00 UTC,14,10.82,110.4
22,4,2024-05-07 00:00:00 UTC,12.5,11.03,108.9
22,5,2024-05-07 00:00:00 UTC,11.1,11.11,106.2
22,6,2024-05-07 00:00:00 UTC,9.4,11.48,105.4
22,7,2024-05-07 00:00:00 UTC,8.1,11.88,105.8
22,8,2024-05-07 00:00:00 UTC,7.1,12.02,104.5
22,9,2024-05-07 00:00:00 UTC,6.4,10.34,88.1
22,10,2024-05-07 00:00:00 UTC,6,9.12,77
22,11,2024-05-07 00:00:00 UTC,5.7,8.86,74.2
22,12,2024-05-07 00:00:00 UTC,5.6,8.45,70.6
23,0,2024-05-16 00:00:00 UTC,16.2,9.8,104.9
23,1,2024-05-16 00:00:00 UTC,15.9,9.93,105.7
23,2,2024-05-16 00:00:00 UTC,15.7,10.14,107.4
23,3,2024-05-16 00:00:00 UTC,15.3,10.18,107
23,4,2024-05-16 00:00:00 UTC,13.5,11.19,113.1
23,5,2024-05-16 00:00:00 UTC,11.8,11.52,111.9
23,6,2024-05-16 00:00:00 UTC,10,11.74,109.5
23,7,2024-05-16 00:00:00 UTC,8.1,11.79,104.8
23,8,2024-05-16 00:00:00 UTC,7.2,11.45,99.6
23,9,2024-05-16 00:00:00 UTC,6.3,8.66,73.8
23,10,2024-05-16 00:00:00 UTC,5.9,8.28,69.9
23,11,2024-05-16 00:00:00 UTC,5.7,8.01,67.2
23,12,2024-05-16 00:00:00 UTC,5.6,6.9,57.7
24,0,2024-05-23 00:00:00 UTC,23.5,8.43,104.2
24,1,2024-05-23 00:00:00 UTC,22.3,8.42,101.8
24,2,2024-05-23 00:00:00 UTC,21,9.31,109.7
24,3,2024-05-23 00:00:00 UTC,18.3,9.73,108.5
24,4,2024-05-23 00:00:00 UTC,15.1,11.01,114.8
24,5,2024-05-23 00:00:00 UTC,12.2,11.43,111.9
24,6,2024-05-23 00:00:00 UTC,10,11.78,109.6
24,7,2024-05-23 00:00:00 UTC,8.2,12.12,107.8
24,8,2024-05-23 00:00:00 UTC,7.1,12.12,104.9
24,9,2024-05-23 00:00:00 UTC,6.2,10.96,92.8
24,10,2024-05-23 00:00:00 UTC,5.7,8.5,71.2
24,11,2024-05-23 00:00:00 UTC,,,
25,0,2024-05-30 00:00:00 UTC,21.4,8.63,102.2
25,1,2024-05-30 00:00:00 UTC,21.1,8.6,101.3
25,2,2024-05-30 00:00:00 UTC,20.8,8.58,100.4
25,3,2024-05-30 00:00:00 UTC,20.6,8.55,99.8
25,4,2024-05-30 00:00:00 UTC,16,10.92,115.9
25,5,2024-05-30 00:00:00 UTC,13.7,11.29,113.9
25,6,2024-05-30 00:00:00 UTC,10.8,11.69,110.4
25,7,2024-05-30 00:00:00 UTC,9.1,11.83,107.4
25,8,2024-05-30 00:00:00 UTC,7.8,11.74,103.2
25,9,2024-05-30 00:00:00 UTC,6.8,9.54,81.8
25,10,2024-05-30 00:00:00 UTC,6.2,7.32,61.9
25,11,2024-05-30 00:00:00 UTC,5.8,6.87,57.6
25,12,2024-05-30 00:00:00 UTC,5.7,5.7,47.5
26,0,2024-06-05 00:00:00 UTC,23.4,8.25,101.6
26,1,2024-06-05 00:00:00 UTC,23.8,8.34,101.8
26,2,2024-06-05 00:00:00 UTC,22.7,8.42,102.3
26,3,2024-06-05 00:00:00 UTC,21.6,8.34,99.8
26,4,2024-06-05 00:00:00 UTC,17.3,10.74,117.6
26,5,2024-06-05 00:00:00 UTC,13.4,11.48,116.5
26,6,2024-06-05 00:00:00 UTC,10.4,11.84,112.6
26,7,2024-06-05 00:00:00 UTC,9,11.93,108
26,8,2024-06-05 00:00:00 UTC,7.6,11.96,104.8
26,9,2024-06-05 00:00:00 UTC,6.7,10.28,88.1
26,10,2024-06-05 00:00:00 UTC,6.1,7.15,60.3
26,11,2024-06-05 00:00:00 UTC,5.8,6.74,56.4
26,12,2024-06-05 00:00:00 UTC,5.6,4.51,37.6
27,0,2024-06-12 00:00:00 UTC,20.5,8.47,98.2
27,1,2024-06-12 00:00:00 UTC,20.2,8.42,97.2
27,2,2024-06-12 00:00:00 UTC,20,8.39,96.3
27,3,2024-06-12 00:00:00 UTC,19.9,8.33,95.4
27,4,2024-06-12 00:00:00 UTC,18.5,9.92,110.5
27,5,2024-06-12 00:00:00 UTC,14.2,11.43,116.3
27,6,2024-06-12 00:00:00 UTC,12.2,11.77,114.4
27,7,2024-06-12 00:00:00 UTC,9.9,11.66,107.5
27,8,2024-06-12 00:00:00 UTC,7.9,11.5,101.2
27,9,2024-06-12 00:00:00 UTC,6.9,8.79,75.3
27,10,2024-06-12 00:00:00 UTC,6.1,6.25,52.5
27,11,2024-06-12 00:00:00 UTC,5.9,5.32,44.5
27,12,2024-06-12 00:00:00 UTC,5.7,4.12,34.3
28,0,2024-06-18 00:00:00 UTC,24.2,8.34,103.2
28,1,2024-06-18 00:00:00 UTC,23.8,8.4,103.1
28,2,2024-06-18 00:00:00 UTC,22.9,8.22,99.2
28,3,2024-06-18 00:00:00 UTC,21.9,8.44,100
28,4,2024-06-18 00:00:00 UTC,19.7,9.74,110.4
28,5,2024-06-18 00:00:00 UTC,15.9,11.04,115.6
28,6,2024-06-18 00:00:00 UTC,11.9,11.49,110.3
28,7,2024-06-18 00:00:00 UTC,9.5,11.71,106.1
28,8,2024-06-18 00:00:00 UTC,8.3,11.55,101.7
28,9,2024-06-18 00:00:00 UTC,7.4,10.66,91.9
28,10,2024-06-18 00:00:00 UTC,7.4,6.46,54.7
28,11,2024-06-18 00:00:00 UTC,6.2,5.42,45.3
28,12,2024-06-18 00:00:00 UTC,5.9,2.67,22.2
29,0,2024-06-25 00:00:00 UTC,25.6,8.15,104.7
29,1,2024-06-25 00:00:00 UTC,25.2,8.18,104.5
29,2,2024-06-25 00:00:00 UTC,24.2,8.2,102.8
29,3,2024-06-25 00:00:00 UTC,23.8,8.26,102.8
29,4,2024-06-25 00:00:00 UTC,19.9,10.59,122.1
29,5,2024-06-25 00:00:00 UTC,17.2,11.28,123.1
29,6,2024-06-25 00:00:00 UTC,13.7,11.81,119.5
29,7,2024-06-25 00:00:00 UTC,10.3,11.82,110.8
29,8,2024-06-25 00:00:00 UTC,8.6,11,98.9
29,9,2024-06-25 00:00:00 UTC,7.4,9.3,81.2
29,10,2024-06-25 00:00:00 UTC,6.6,6.38,54.6
29,11,2024-06-25 00:00:00 UTC,6.1,3.83,32.4
29,12,2024-06-25 00:00:00 UTC,5.9,2.7,22.7
31,0,2024-07-02 00:00:00 UTC,23.5,8.46,103.1
31,1,2024-07-02 00:00:00 UTC,23.1,8.49,102.7
31,2,2024-07-02 00:00:00 UTC,22.9,8.5,102.4
31,3,2024-07-02 00:00:00 UTC,22.7,8.45,101.6
31,4,2024-07-02 00:00:00 UTC,22.5,8.32,99.5
31,5,2024-07-02 00:00:00 UTC,17.6,11.17,121.3
31,6,2024-07-02 00:00:00 UTC,13.3,11.72,115.9
31,7,2024-07-02 00:00:00 UTC,11,11.52,108.2
31,8,2024-07-02 00:00:00 UTC,8.9,10.86,97.1
31,9,2024-07-02 00:00:00 UTC,7.2,9.55,81.9
31,10,2024-07-02 00:00:00 UTC,6.5,4.9,41.2
31,11,2024-07-02 00:00:00 UTC,6.3,3.91,32.6
31,12,2024-07-02 00:00:00 UTC,5.9,1.42,11.8
32,0,2024-07-03 00:00:00 UTC,23.3,8.76,106.1
32,1,2024-07-03 00:00:00 UTC,23.4,8.74,106.5
32,2,2024-07-03 00:00:00 UTC,23.5,8.7,106.1
32,3,2024-07-03 00:00:00 UTC,23,8.65,104.5
32,4,2024-07-03 00:00:00 UTC,22.3,8.84,105.5
32,5,2024-07-03 00:00:00 UTC,18.2,11.18,122.8
32,6,2024-07-03 00:00:00 UTC,15.6,11.35,118.3
32,7,2024-07-03 00:00:00 UTC,10.9,11.22,105.3
32,8,2024-07-03 00:00:00 UTC,8.8,9.98,89
32,9,2024-07-03 00:00:00 UTC,6.9,6.49,55.2
32,10,2024-07-03 00:00:00 UTC,6.2,4.24,35.5
32,11,2024-07-03 00:00:00 UTC,5.9,2.97,24.7
32,12,2024-07-03 00:00:00 UTC,5.9,0.86,7.2
33,0,2024-07-09 00:00:00 UTC,26.5,8.22,107.1
33,1,2024-07-09 00:00:00 UTC,26.5,8.23,107.1
33,2,2024-07-09 00:00:00 UTC,26.2,8.3,107.6
33,3,2024-07-09 00:00:00 UTC,24.8,8.85,111.5
33,4,2024-07-09 00:00:00 UTC,22.7,9.32,113.1
33,5,2024-07-09 00:00:00 UTC,17.4,11.08,121
33,6,2024-07-09 00:00:00 UTC,14,11.73,118.9
33,7,2024-07-09 00:00:00 UTC,12,11.45,111.1
33,8,2024-07-09 00:00:00 UTC,9.9,10.11,93.3
33,9,2024-07-09 00:00:00 UTC,8.2,8.3,73.5
33,10,2024-07-09 00:00:00 UTC,7,4.72,40.7
33,11,2024-07-09 00:00:00 UTC,6.3,3.26,27.6
33,12,2024-07-09 00:00:00 UTC,6.1,0.95,8
34,0,2024-07-17 00:00:00 UTC,26.8,8.16,107.2
34,1,2024-07-17 00:00:00 UTC,26.8,8.17,107.3
34,2,2024-07-17 00:00:00 UTC,26.7,8.14,106.8
34,3,2024-07-17 00:00:00 UTC,26.6,8.03,105.1
34,4,2024-07-17 00:00:00 UTC,23.6,9.95,123.3
34,5,2024-07-17 00:00:00 UTC,18.6,11.43,128.3
34,6,2024-07-17 00:00:00 UTC,15.1,11.98,124.5
34,7,2024-07-17 00:00:00 UTC,11.6,11.11,107.3
34,8,2024-07-17 00:00:00 UTC,9.4,9.64,88.3
34,9,2024-07-17 00:00:00 UTC,7.9,7.31,64.6
34,10,2024-07-17 00:00:00 UTC,6.7,4.03,34.6
34,11,2024-07-17 00:00:00 UTC,6.2,1.5,12.7
34,12,2024-07-17 00:00:00 UTC,6,0.37,3.1
35,0,2024-07-23 00:00:00 UTC,24.2,8.53,106.1
35,1,2024-07-23 00:00:00 UTC,25,8.44,106.7
35,2,2024-07-23 00:00:00 UTC,23.3,8.35,106
35,3,2024-07-23 00:00:00 UTC,25.4,8.18,104
35,4,2024-07-23 00:00:00 UTC,24.5,9.2,114.9
35,5,2024-07-23 00:00:00 UTC,20.3,10.89,125.8
35,6,2024-07-23 00:00:00 UTC,16.6,11.39,124.8
35,7,2024-07-23 00:00:00 UTC,13.3,11.18,111.3
35,8,2024-07-23 00:00:00 UTC,10.9,10.19,106.2
35,9,2024-07-23 00:00:00 UTC,9,9.91,71.4
35,10,2024-07-23 00:00:00 UTC,7.7,4.54,39.6
35,11,2024-07-23 00:00:00 UTC,6.9,2.38,20.4
35,12,2024-07-23 00:00:00 UTC,6.3,0.49,4.1
36,0,2024-07-31 00:00:00 UTC,25.7,8.34,107.1
36,1,2024-07-31 00:00:00 UTC,25.6,8.39,107.5
36,2,2024-07-31 00:00:00 UTC,25.4,8.39,107.2
36,3,2024-07-31 00:00:00 UTC,25.3,8.39,107.1
36,4,2024-07-31 00:00:00 UTC,24.5,8.01,100.6
36,5,2024-07-31 00:00:00 UTC,19.7,11.45,131.1
36,6,2024-07-31 00:00:00 UTC,15.9,11.01,116.6
36,7,2024-07-31 00:00:00 UTC,12.4,10.93,107
36,8,2024-07-31 00:00:00 UTC,9.7,9.29,85.6
36,9,2024-07-31 00:00:00 UTC,8,6.52,576
36,10,2024-07-31 00:00:00 UTC,7,3.52,30.4
36,11,2024-07-31 00:00:00 UTC,6.5,0.9,7.7
36,12,2024-07-31 00:00:00 UTC,6.2,0.34,2.9
39,0,2024-08-05 00:00:00 UTC,27,8.25,108.3
39,1,2024-08-05 00:00:00 UTC,26.5,8.35,108.5
39,2,2024-08-05 00:00:00 UTC,26.1,8.48,109.4
39,3,2024-08-05 00:00:00 UTC,26,8.3,106.8
39,4,2024-08-05 00:00:00 UTC,24.7,7.83,98.4
39,5,2024-08-05 00:00:00 UTC,20,11.66,133.9
39,6,2024-08-05 00:00:00 UTC,15.7,10.84,113.8
39,7,2024-08-05 00:00:00 UTC,12.6,10.62,104.3
39,8,2024-08-05 00:00:00 UTC,10.1,8.87,82.1
39,9,2024-08-05 00:00:00 UTC,8.2,7.16,63.3
39,10,2024-08-05 00:00:00 UTC,7.2,4.39,37.9
39,11,2024-08-05 00:00:00 UTC,6.5,0.63,5.3
39,12,2024-08-05 00:00:00 UTC,6.3,0.34,2.9
40,0,2024-08-13 00:00:00 UTC,23.2,8.25,100.8
40,1,2024-08-13 00:00:00 UTC,23,8.38,102
40,2,2024-08-13 00:00:00 UTC,23,8.35,101.6
40,3,2024-08-13 00:00:00 UTC,22.9,8.3,101
40,4,2024-08-13 00:00:00 UTC,22.9,8.25,100.2
40,5,2024-08-13 00:00:00 UTC,21.5,9.42,111.5
40,6,2024-08-13 00:00:00 UTC,16.5,10.36,110.3
40,7,2024-08-13 00:00:00 UTC,13.5,9.77,97.6
40,8,2024-08-13 00:00:00 UTC,10.3,8.42,78.4
40,9,2024-08-13 00:00:00 UTC,8.4,6.45,57.4
40,10,2024-08-13 00:00:00 UTC,7.1,3.13,27
40,11,2024-08-13 00:00:00 UTC,6.5,0.58,4.4
40,12,2024-08-13 00:00:00 UTC,6.2,0.3,2.5
41,0,2024-08-21 00:00:00 UTC,22.1,8.59,102.9
41,1,2024-08-21 00:00:00 UTC,22.3,8.54,102.7
41,2,2024-08-21 00:00:00 UTC,22.3,8.5,102.2
41,3,2024-08-21 00:00:00 UTC,22.2,8.46,101.4
41,4,2024-08-21 00:00:00 UTC,22.1,8.32,99.6
41,5,2024-08-21 00:00:00 UTC,20.5,10.01,116.2
41,6,2024-08-21 00:00:00 UTC,17.1,9.74,105.3
41,7,2024-08-21 00:00:00 UTC,12.9,9.19,90.9
41,8,2024-08-21 00:00:00 UTC,10.5,8.48,79.4
41,9,2024-08-21 00:00:00 UTC,8.5,5.38,48
41,10,2024-08-21 00:00:00 UTC,7.2,1.69,14.6
41,11,2024-08-21 00:00:00 UTC,6.7,0.38,3.2
41,12,2024-08-21 00:00:00 UTC,6.3,0.27,2.3
42,0,2024-08-28 00:00:00 UTC,24.1,8.71,108.5
42,1,2024-08-28 00:00:00 UTC,23.7,8.87,109.6
42,2,2024-08-28 00:00:00 UTC,23.4,9.22,113.3
42,3,2024-08-28 00:00:00 UTC,23,9.58,117
42,4,2024-08-28 00:00:00 UTC,22.3,9.55,114.9
42,5,2024-08-28 00:00:00 UTC,20.5,9.27,107.7
42,6,2024-08-28 00:00:00 UTC,17,9.77,105.8
42,7,2024-08-28 00:00:00 UTC,14.2,9.38,95.7
42,8,2024-08-28 00:00:00 UTC,11,8.14,77.2
42,9,2024-08-28 00:00:00 UTC,8.7,5.5,49.4
42,10,2024-08-28 00:00:00 UTC,7.7,3.02,26.4
42,11,2024-08-28 00:00:00 UTC,6.7,0.66,5.7
42,12,2024-08-28 00:00:00 UTC,6.4,0.32,2.7
43,0,2024-09-04 00:00:00 UTC,21.3,9.19,106.7
43,1,2024-09-04 00:00:00 UTC,21.5,9.06,105.7
43,2,2024-09-04 00:00:00 UTC,21.5,9.08,105.8
43,3,2024-09-04 00:00:00 UTC,21.5,9.05,105.5
43,4,2024-09-04 00:00:00 UTC,21.5,9.02,105
43,5,2024-09-04 00:00:00 UTC,19.9,9.4,106.2
43,6,2024-09-04 00:00:00 UTC,16.6,9.31,98.2
43,7,2024-09-04 00:00:00 UTC,13.8,9,89.3
43,8,2024-09-04 00:00:00 UTC,10.2,7.36,67.3
43,9,2024-09-04 00:00:00 UTC,8.1,3.28,28.6
43,10,2024-09-04 00:00:00 UTC,7,0.34,2.9
43,11,2024-09-04 00:00:00 UTC,6.7,0.29,2.4
43,12,2024-09-04 00:00:00 UTC,6.5,0.27,2.3
44,0,2024-09-11 00:00:00 UTC,20.6,9.12,105.3
44,1,2024-09-11 00:00:00 UTC,20.1,9.08,103.7
44,2,2024-09-11 00:00:00 UTC,19.9,9.12,103.8
44,3,2024-09-11 00:00:00 UTC,19.8,9.08,103.3
44,4,2024-09-11 00:00:00 UTC,19.8,9.06,102.9
44,5,2024-09-11 00:00:00 UTC,19.7,8.92,101.2
44,6,2024-09-11 00:00:00 UTC,17.8,9.43,102.9
44,7,2024-09-11 00:00:00 UTC,13.8,8.25,82.8
44,8,2024-09-11 00:00:00 UTC,11.6,7.47,71.2
44,9,2024-09-11 00:00:00 UTC,9.8,5.61,51.3
44,10,2024-09-11 00:00:00 UTC,8,2.34,20.5
44,11,2024-09-11 00:00:00 UTC,7.3,0.46,3.9
44,12,2024-09-11 00:00:00 UTC,6.7,0.33,2.8
45,0,2024-09-18 00:00:00 UTC,21,9.38,109.5
45,1,2024-09-18 00:00:00 UTC,21,9.44,110.3
45,2,2024-09-18 00:00:00 UTC,20.4,10.08,117.5
45,3,2024-09-18 00:00:00 UTC,20.8,10.31,120
45,4,2024-09-18 00:00:00 UTC,20.5,10.03,116
45,5,2024-09-18 00:00:00 UTC,14.8,9.1,103.7
45,6,2024-09-18 00:00:00 UTC,17.1,9.14,48.6
45,7,2024-09-18 00:00:00 UTC,13.1,8.05,81.1
45,8,2024-09-18 00:00:00 UTC,11.8,7.29,70.1
45,9,2024-09-18 00:00:00 UTC,9.5,4.83,44
45,10,2024-09-18 00:00:00 UTC,7.8,1.11,9.7
45,11,2024-09-18 00:00:00 UTC,6.4,0.32,2.7
45,12,2024-09-18 00:00:00 UTC,6.5,0.27,2.3
46,0,2024-09-25 00:00:00 UTC,19.1,9.14,102.4
46,1,2024-09-25 00:00:00 UTC,19.4,1.07,102.2
46,2,2024-09-25 00:00:00 UTC,19.4,9.06,102.2
46,3,2024-09-25 00:00:00 UTC,19.3,8.96,100.9
46,4,2024-09-25 00:00:00 UTC,19.4,8.96,101
46,5,2024-09-25 00:00:00 UTC,19.2,8.89,99.9
46,6,2024-09-25 00:00:00 UTC,17.4,8.77,95
46,7,2024-09-25 00:00:00 UTC,13.9,7.86,78.9
46,8,2024-09-25 00:00:00 UTC,11,6.66,62.6
46,9,2024-09-25 00:00:00 UTC,8,3.37,30.3
46,10,2024-09-25 00:00:00 UTC,7.6,1.24,10.8
46,11,2024-09-25 00:00:00 UTC,6.9,0.3,2.6
46,12,2024-09-25 00:00:00 UTC,6.5,0.26,2.2
47,0,2024-10-02 00:00:00 UTC,18.2,9.08,100.6
47,1,2024-10-02 00:00:00 UTC,18.6,8.96,100.1
47,2,2024-10-02 00:00:00 UTC,18.6,8.88,99.2
47,3,2024-10-02 00:00:00 UTC,18.6,8.94,99.8
47,4,2024-10-02 00:00:00 UTC,18.5,8.9,99.2
47,5,2024-10-02 00:00:00 UTC,18.4,8.75,97.4
47,6,2024-10-02 00:00:00 UTC,17.3,7.79,84.7
47,7,2024-10-02 00:00:00 UTC,14.5,6.99,71.6
47,8,2024-10-02 00:00:00 UTC,11.5,5.31,50.9
47,9,2024-10-02 00:00:00 UTC,8.9,3.13,28.2
47,10,2024-10-02 00:00:00 UTC,8,0.62,5.5
47,11,2024-10-02 00:00:00 UTC,7.3,0.32,2.8
47,12,2024-10-02 00:00:00 UTC,6.9,0.27,2.3
48,0,2024-10-09 00:00:00 UTC,17,8.94,97
48,1,2024-10-09 00:00:00 UTC,17.2,8.9,96.9
48,2,2024-10-09 00:00:00 UTC,17.2,8.89,96.9
48,3,2024-10-09 00:00:00 UTC,17.3,8.87,96.8
48,4,2024-10-09 00:00:00 UTC,17.3,8.86,96.8
48,5,2024-10-09 00:00:00 UTC,17.3,8.83,96.5
48,6,2024-10-09 00:00:00 UTC,17.2,8.26,90
48,7,2024-10-09 00:00:00 UTC,14.1,6.8,69.3
48,8,2024-10-09 00:00:00 UTC,11.5,5.85,56.3
48,9,2024-10-09 00:00:00 UTC,9.5,3.45,31.7
48,10,2024-10-09 00:00:00 UTC,8,0.38,3.3
48,11,2024-10-09 00:00:00 UTC,7.2,0.29,2.5
48,12,2024-10-09 00:00:00 UTC,6.7,0.25,2.2
49,0,2024-10-16 00:00:00 UTC,14.2,8.67,88.3
49,1,2024-10-16 00:00:00 UTC,14.1,8.67,88.1
49,2,2024-10-16 00:00:00 UTC,14,8.67,87.9
49,3,2024-10-16 00:00:00 UTC,14,8.68,87.9
49,4,2024-10-16 00:00:00 UTC,13.9,8.67,87.7
49,5,2024-10-16 00:00:00 UTC,13.9,8.66,87.7
49,6,2024-10-16 00:00:00 UTC,13.9,8.64,87.4
49,7,2024-10-16 00:00:00 UTC,13.9,8.59,86.8
49,8,2024-10-16 00:00:00 UTC,11,4.81,45.5
49,9,2024-10-16 00:00:00 UTC,9.1,2.47,22.4
49,10,2024-10-16 00:00:00 UTC,8,0.38,3.4
49,11,2024-10-16 00:00:00 UTC,7.2,0.29,2.5
49,12,2024-10-16 00:00:00 UTC,6.9,0.27,2.3
50,0,2024-10-23 00:00:00 UTC,15,9.04,93.5
50,1,2024-10-23 00:00:00 UTC,14.8,9.1,93.6
50,2,2024-10-23 00:00:00 UTC,14.6,9.13,93.6
50,3,2024-10-23 00:00:00 UTC,14.5,9.15,93.6
50,4,2024-10-23 00:00:00 UTC,14,8.97,90.8
50,5,2024-10-23 00:00:00 UTC,13.7,8.98,90.1
50,6,2024-10-23 00:00:00 UTC,13.5,8.86,88.7
50,7,2024-10-23 00:00:00 UTC,13.2,8.43,83.8
50,8,2024-10-23 00:00:00 UTC,12.2,6.29,61.2
50,9,2024-10-23 00:00:00 UTC,10.2,3.18,29.5
50,10,2024-10-23 00:00:00 UTC,8.2,0.38,3.3
50,11,2024-10-23 00:00:00 UTC,7.4,0.31,2.7
50,12,2024-10-23 00:00:00 UTC,7,0.28,2.4
51,0,2024-10-30 00:00:00 UTC,13.5,9.15,90.7
51,1,2024-10-30 00:00:00 UTC,12.8,9.28,90.7
51,2,2024-10-30 00:00:00 UTC,12.7,9.3,90.7
51,3,2024-10-30 00:00:00 UTC,12.5,9.33,90.6
51,4,2024-10-30 00:00:00 UTC,12.5,9.31,90.3
51,5,2024-10-30 00:00:00 UTC,12.4,9.3,90.2
51,6,2024-10-30 00:00:00 UTC,12.4,9.28,89.8
51,7,2024-10-30 00:00:00 UTC,12.3,9.29,89.7
51,8,2024-10-30 00:00:00 UTC,12.2,8.89,85.7
51,9,2024-10-30 00:00:00 UTC,9.4,1.35,12.2
51,10,2024-10-30 00:00:00 UTC,8.3,0.32,2.8
51,11,2024-10-30 00:00:00 UTC,7.5,0.27,2.4
52,0,2024-11-06 00:00:00 UTC,15,8.82,91.5
52,1,2024-11-06 00:00:00 UTC,13.5,9.29,93.2
52,2,2024-11-06 00:00:00 UTC,12.9,9.44,93.5
52,3,2024-11-06 00:00:00 UTC,12.6,9.52,93.7
52,4,2024-11-06 00:00:00 UTC,12.4,9.61,94.1
52,5,2024-11-06 00:00:00 UTC,12.2,9.57,93.3
52,6,2024-11-06 00:00:00 UTC,11.9,9.5,92
52,7,2024-11-06 00:00:00 UTC,11.8,9.35,90.3
52,8,2024-11-06 00:00:00 UTC,11.7,9.11,87.8
52,9,2024-11-06 00:00:00 UTC,10.3,2.67,24.9
52,10,2024-11-06 00:00:00 UTC,8.7,0.46,4.2
52,11,2024-11-06 00:00:00 UTC,7.6,0.39,3.4
52,12,2024-11-06 00:00:00 UTC,6.7,0.26,2.2
53,0,2024-11-13 00:00:00 UTC,10.2,8.71,79.7
53,1,2024-11-13 00:00:00 UTC,10.3,8.63,79.1
53,2,2024-11-13 00:00:00 UTC,10.2,8.62,78.9
53,3,2024-11-13 00:00:00 UTC,10.2,8.64,79.1
53,4,2024-11-13 00:00:00 UTC,10.2,8.68,79.4
53,5,2024-11-13 00:00:00 UTC,10.2,8.62,78.8
53,6,2024-11-13 00:00:00 UTC,10.1,8.6,78.5
53,7,2024-11-13 00:00:00 UTC,10.1,8.33,76
53,8,2024-11-13 00:00:00 UTC,10.1,8.23,75
53,9,2024-11-13 00:00:00 UTC,9.9,6.92,62.8
53,10,2024-11-13 00:00:00 UTC,8.9,0.57,5
53,11,2024-11-13 00:00:00 UTC,7.6,0.33,2.8
53,12,2024-11-13 00:00:00 UTC,7.2,0.29,2.5
54,0,2024-11-20 00:00:00 UTC,10.3,8.73,81.9
54,1,2024-11-20 00:00:00 UTC,9.3,8.8,80.7
54,2,2024-11-20 00:00:00 UTC,9.1,8.83,80.6
54,3,2024-11-20 00:00:00 UTC,9,8.84,80.5
54,4,2024-11-20 00:00:00 UTC,8.9,8.83,80.2
54,5,2024-11-20 00:00:00 UTC,8.8,8.79,79.7
54,6,2024-11-20 00:00:00 UTC,8.8,8.78,79.5
54,7,2024-11-20 00:00:00 UTC,8.8,8.77,79.4
54,8,2024-11-20 00:00:00 UTC,8.8,8.71,78.9
54,9,2024-11-20 00:00:00 UTC,8.7,8.6,77.8
54,10,2024-11-20 00:00:00 UTC,8.7,8.22,74.3
54,11,2024-11-20 00:00:00 UTC,8.4,5.55,49.8
55,0,2024-11-25 00:00:00 UTC,9.4,8.23,75.1
55,1,2024-11-25 00:00:00 UTC,8.7,8.16,73.1
55,2,2024-11-25 00:00:00 UTC,8.2,8.14,72.2
55,3,2024-11-25 00:00:00 UTC,7.9,8.15,71.8
55,4,2024-11-25 00:00:00 UTC,7.7,8.18,71.7
55,5,2024-11-25 00:00:00 UTC,7.5,8.21,71.6
55,6,2024-11-25 00:00:00 UTC,7.4,8.21,71.5
55,7,2024-11-25 00:00:00 UTC,7.4,8.21,71.4
55,8,2024-11-25 00:00:00 UTC,7.4,8.18,71.1
55,9,2024-11-25 00:00:00 UTC,7.4,8.17,71
55,10,2024-11-25 00:00:00 UTC,7.3,8.16,70.9
55,11,2024-11-25 00:00:00 UTC,7.3,8.14,70.7
56,0,2024-12-04 00:00:00 UTC,6.2,8.52,71.6
56,1,2024-12-04 00:00:00 UTC,5.6,8.42,69.7
56,2,2024-12-04 00:00:00 UTC,5.4,8.44,69.5
56,3,2024-12-04 00:00:00 UTC,5.3,8.46,69.4
56,4,2024-12-04 00:00:00 UTC,5.2,8.46,69.3
56,5,2024-12-04 00:00:00 UTC,5.2,8.45,69.1
56,6,2024-12-04 00:00:00 UTC,5.1,8.44,69
56,7,2024-12-04 00:00:00 UTC,5.1,8.44,68.9
56,8,2024-12-04 00:00:00 UTC,5.1,8.44,68.9
56,9,2024-12-04 00:00:00 UTC,5.1,8.42,68.7
56,10,2024-12-04 00:00:00 UTC,5,8.41,68.5
56,11,2024-12-04 00:00:00 UTC,5,8.4,68.4
56,12,2024-12-04 00:00:00 UTC,5,8.21,66.9
57,0,2024-12-11 00:00:00 UTC,6.7,9.17,79.9
57,1,2024-12-11 00:00:00 UTC,5.8,9.22,78
57,2,2024-12-11 00:00:00 UTC,5.3,9.34,78
57,3,2024-12-11 00:00:00 UTC,5,9.41,78.1
57,4,2024-12-11 00:00:00 UTC,4.9,9.45,78.2
57,5,2024-12-11 00:00:00 UTC,4.6,9.55,78.4
57,6,2024-12-11 00:00:00 UTC,4.5,9.56,78.3
57,7,2024-12-11 00:00:00 UTC,4.4,9.59,78.3
57,8,2024-12-11 00:00:00 UTC,4.4,9.59,78.2
57,9,2024-12-11 00:00:00 UTC,4.3,9.59,78.2
57,10,2024-12-11 00:00:00 UTC,4.3,9.59,78.2
57,11,2024-12-11 00:00:00 UTC,4.3,9.59,78
57,12,2024-12-11 00:00:00 UTC,4.3,8.52,69.3
58,0,2024-12-18 00:00:00 UTC,4,10.11,80
58,1,2024-12-18 00:00:00 UTC,4,10.11,80.1
58,2,2024-12-18 00:00:00 UTC,3.9,10.09,79.7
58,3,2024-12-18 00:00:00 UTC,3.9,10.04,79.2
58,4,2024-12-18 00:00:00 UTC,3.9,10.03,79
58,5,2024-12-18 00:00:00 UTC,3.8,10.05,79
58,6,2024-12-18 00:00:00 UTC,3.8,9.94,78.2
58,7,2024-12-18 00:00:00 UTC,3.8,9.88,77.8
58,8,2024-12-18 00:00:00 UTC,3.8,9.87,77.7
58,9,2024-12-18 00:00:00 UTC,3.8,9.92,78.1
58,10,2024-12-18 00:00:00 UTC,3.8,9.92,78.1
58,11,2024-12-18 00:00:00 UTC,3.8,9.89,77.8
58,12,2024-12-18 00:00:00 UTC,3.8,9.3,73.3
