sample_no,site_no,Depth_m,collect_date,collect_time,leaf,season,ice,temp_C_Hanna,cond_uScm_Hanna,TDS_hanna,pH_Hanna,SecchiDepth_m,DOC_fluor,Turbidity_fluor,Temp_C_DOProbe,DO_mgpL,DO_Sat_Percent,Depth_at_Slab,IceThickness_cm,IceCover_percent,Comment,
1,MOHK_D10,0,2025-01-02,16:21,no,winter,no,3.5,90,54,7.33,6.5,,,4.3,10.26,82.9,,0,0%,HB,
1,MOHK_D10,1,2025-01-02,16:21,no,winter,no,3.7,115,68,8.18,,,,4.1,10.2,82,,,,,
1,MOHK_D10,2,2025-01-02,16:21,no,winter,no,,,,,,,,3.9,10.24,81.9,,,,,
1,MOHK_D10,3,2025-01-02,16:21,no,winter,no,,,,,,,,3.8,10.28,81.9,,,,,
1,MOHK_D10,4,2025-01-02,16:21,no,winter,no,,,,,,,,3.7,10.31,81.9,,,,,
1,MOHK_D10,5,2025-01-02,16:21,no,winter,no,,,,,,,,3.7,10.32,81.9,,,,,
1,MOHK_D10,6,2025-01-02,16:21,no,winter,no,,,,,,,,3.6,10.31,81.8,,,,,
1,MOHK_D10,7,2025-01-02,16:21,no,winter,no,,,,,,,,3.6,10.31,81.7,,,,,
1,MOHK_D10,8,2025-01-02,16:21,no,winter,no,,,,,,,,3.6,10.3,81.7,,,,,
1,MOHK_D10,9,2025-01-02,16:21,no,winter,no,,,,,,,,3.6,10.31,81.6,,,,,
1,MOHK_D10,10,2025-01-02,16:21,no,winter,no,,,,,,,,3.6,10.29,81.4,,,,,
1,MOHK_D10,11,2025-01-02,16:21,no,winter,no,,,,,,,,3.6,10.28,81.4,,,,,
1,MOHK_D10,12,2025-01-02,16:21,no,winter,no,,,,,,,,3.5,10.25,81.1,,,,,
2,MOHK_D10,0,2025-01-15,11:30,no,winter,yes,0.3,112,70,8,NA,,,0.6,12.2,88.3,,9,100%,HB,
2,MOHK_D10,1,2025-01-15,11:30,no,winter,yes,2,128,77,8.62,,,,1.4,12.04,89.2,,,,,
2,MOHK_D10,2,2025-01-15,11:30,no,winter,yes,,,,,,,,1.4,11.93,88.4,,,,,
2,MOHK_D10,3,2025-01-15,11:30,no,winter,yes,,,,,,,,1.4,11.9,88.3,,,,,
2,MOHK_D10,4,2025-01-15,11:30,no,winter,yes,,,,,,,,1.5,11.8,87.5,,,,,
2,MOHK_D10,5,2025-01-15,11:30,no,winter,yes,,,,,,,,1.5,11.64,86.4,,,,,
2,MOHK_D10,6,2025-01-15,11:30,no,winter,yes,,,,,,,,1.5,11.64,86.4,,,,,
2,MOHK_D10,7,2025-01-15,11:30,no,winter,yes,,,,,,,,11.6,11.38,84.7,,,,,
2,MOHK_D10,8,2025-01-15,11:30,no,winter,yes,,,,,,,,1.8,11.13,83.3,,,,,
2,MOHK_D10,9,2025-01-15,11:30,no,winter,yes,,,,,,,,2.2,10.62,80.5,,,,,
2,MOHK_D10,10,2025-01-15,11:30,no,winter,yes,,,,,,,,2.7,10.11,77.7,,,,,
2,MOHK_D10,11,2025-01-15,11:30,no,winter,yes,,,,,,,,3,9.7,75.1,,,,,
2,MOHK_D10,12,2025-01-15,11:30,no,winter,yes,,,,,,,,3.2,9.15,71.1,,,,,
3,MOHK_D10,0,2025-01-22,10:30,no,winter,yes,N/A,N/A,N/A,N/A,NA,,,0,15.85,111.5,,15,100%,SMD,
3,MOHK_D10,1,2025-01-22,10:30,no,winter,yes,1.1,139,76,8.18,,,,1.5,12.17,89.1,,,,,
3,MOHK_D10,2,2025-01-22,10:30,no,winter,yes,,,,,,,,1.6,12.09,88.7,,,,,
3,MOHK_D10,3,2025-01-22,10:30,no,winter,yes,,,,,,,,1.6,12.05,88.5,,,,,
3,MOHK_D10,4,2025-01-22,10:30,no,winter,yes,,,,,,,,1.6,11.96,87.9,,,,,
3,MOHK_D10,5,2025-01-22,10:30,no,winter,yes,,,,,,,,1.6,11.74,86.3,,,,,
3,MOHK_D10,6,2025-01-22,10:30,no,winter,yes,,,,,,,,1.7,11.73,86.4,,,,,
3,MOHK_D10,7,2025-01-22,10:30,no,winter,yes,,,,,,,,1.8,11.56,85.4,,,,,
3,MOHK_D10,8,2025-01-22,10:30,no,winter,yes,,,,,,,,1.9,11.45,84.7,,,,,
3,MOHK_D10,9,2025-01-22,10:30,no,winter,yes,,,,,,,,2.2,10.59,79.1,,,,,
3,MOHK_D10,10,2025-01-22,10:30,no,winter,yes,,,,,,,,2.7,10.12,76.6,,,,,
3,MOHK_D10,11,2025-01-22,10:30,no,winter,yes,,,,,,,,3,9.62,73.4,,,,,
3,MOHK_D10,12,2025-01-22,10:30,no,winter,yes,,,,,,,,3.2,8.87,68.1,,,,,
4,MOHK_D10,0,2025-01-29,10:30,no,winter,yes,0.5,101,65,7.14,N/A,,,1,12.78,96.1,,18,100%,SW - Measured ice thickness off end of dock,
4,MOHK_D10,1,2025-01-29,10:30,no,winter,yes,2.6,130,79,7.61,,,,1.9,12.25,94.2,,,,,
4,MOHK_D10,2,2025-01-29,10:30,no,winter,yes,,,,,,,,1.9,11.91,91.8,,,,,
4,MOHK_D10,3,2025-01-29,10:30,no,winter,yes,,,,,,,,1.8,11.9,91.5,,,,,
4,MOHK_D10,4,2025-01-29,10:30,no,winter,yes,,,,,,,,1.9,11.7,90,,,,,
4,MOHK_D10,5,2025-01-29,10:30,no,winter,yes,,,,,,,,1.8,11.71,90,,,,,
4,MOHK_D10,6,2025-01-29,10:30,no,winter,yes,,,,,,,,1.9,11.58,89.1,,,,,
4,MOHK_D10,7,2025-01-29,10:30,no,winter,yes,,,,,,,,1.9,11.24,86.6,,,,,
4,MOHK_D10,8,2025-01-29,10:30,no,winter,yes,,,,,,,,2,10.91,84.3,,,,,
4,MOHK_D10,9,2025-01-29,10:30,no,winter,yes,,,,,,,,2.4,10.2,79.6,,,,,
4,MOHK_D10,10,2025-01-29,10:30,no,winter,yes,,,,,,,,2.7,9.93,78.1,,,,,
4,MOHK_D10,11,2025-01-29,10:30,no,winter,yes,,,,,,,,3,9.38,74.4,,,,,
4,MOHK_D10,12,2025-01-29,10:30,no,winter,yes,,,,,,,,3.2,7.89,62.9,,,,,
5,MOHK_D10,0,2025-02-04,11:44,no,winter,yes,0.5,138,83,7.63,n/a,,,1.5,12.23,91.3,,22,100%,AJG- Ice thickness measured off the end of the dock,
5,MOHK_D10,1,2025-02-04,11:44,no,winter,yes,2.7,128,78,8.38,,,,2.1,11.94,90.7,,,,,
5,MOHK_D10,2,2025-02-04,11:44,no,winter,yes,,,,,,,,2.1,11.93,90.5,,,,,
5,MOHK_D10,3,2025-02-04,11:44,no,winter,yes,,,,,,,,2.1,11.9,90.3,,,,,
5,MOHK_D10,4,2025-02-04,11:44,no,winter,yes,,,,,,,,2,11.95,90.5,,,,,
5,MOHK_D10,5,2025-02-04,11:44,no,winter,yes,,,,,,,,2.1,11.87,90,,,,,
5,MOHK_D10,6,2025-02-04,11:44,no,winter,yes,,,,,,,,2.1,11.77,89.2,,,,,
5,MOHK_D10,7,2025-02-04,11:44,no,winter,yes,,,,,,,,2.1,1.66,88.4,,,,,
5,MOHK_D10,8,2025-02-04,11:44,no,winter,yes,,,,,,,,2.2,11,83.7,,,,,
5,MOHK_D10,9,2025-02-04,11:44,no,winter,yes,,,,,,,,2.4,10.2,78.1,,,,,
5,MOHK_D10,10,2025-02-04,11:44,no,winter,yes,,,,,,,,2.8,9.71,75.2,,,,,
5,MOHK_D10,11,2025-02-04,11:44,no,winter,yes,,,,,,,,3.1,9.17,71.5,,,,,
5,MOHK_D10,12,2025-02-04,11:44,no,winter,yes,,,,,,,,3.3,7.9,61.9,,,,,
6,MOHK_D10,0,2025-02-12,9:30,no,winter,yes,1.2,106,62,7.61,n/a,,,0.1,13.19,93.5,,27.5,100%,AJG-Ice thickness measured off end of dock,
6,MOHK_D10,1,2025-02-12,9:30,no,winter,yes,2.3,119,81,7.97,,,,1.9,12.24,91.1,,,,,
6,MOHK_D10,2,2025-02-12,9:30,no,winter,yes,,,,,,,,2,12.07,90.3,,,,,
6,MOHK_D10,3,2025-02-12,9:30,no,winter,yes,,,,,,,,2.1,12.02,90,,,,,
6,MOHK_D10,4,2025-02-12,9:30,no,winter,yes,,,,,,,,2.1,11.97,89.6,,,,,
6,MOHK_D10,5,2025-02-12,9:30,no,winter,yes,,,,,,,,2.1,11.81,88.6,,,,,
6,MOHK_D10,6,2025-02-12,9:30,no,winter,yes,,,,,,,,2.2,11.46,86.1,,,,,
6,MOHK_D10,7,2025-02-12,9:30,no,winter,yes,,,,,,,,2.2,11.81,88.1,,,,,
6,MOHK_D10,8,2025-02-12,9:30,no,winter,yes,,,,,,,,2.3,11.16,84.1,,,,,
6,MOHK_D10,9,2025-02-12,9:30,no,winter,yes,,,,,,,,2.6,10.13,76.9,,,,,
6,MOHK_D10,10,2025-02-12,9:30,no,winter,yes,,,,,,,,2.9,9.6,73.5,,,,,
6,MOHK_D10,11,2025-02-12,9:30,no,winter,yes,,,,,,,,3.2,8.99,69.3,,,,,
6,MOHK_D10,12,2025-02-12,9:30,no,winter,yes,,,,,,,,3.3,8.26,63.9,,,,,
7,MOHK_D10,0,2025-02-20,10:00,no,winter,yes,0.5,100,48,5.13,N/A,,,0.4,13.76,99.6,,30,100%,SMD-ice thinkness measured off end of dock,
7,MOHK_D10,1,2025-02-20,10:00,no,winter,yes,1.6,106,68,5.14,,,,1.8,12.36,92.9,,,,,
7,MOHK_D10,2,2025-02-20,10:00,no,winter,yes,,,,,,,,2.1,11.75,89.1,,,,,
7,MOHK_D10,3,2025-02-20,10:00,no,winter,yes,,,,,,,,2.1,11.63,88.3,,,,,
7,MOHK_D10,4,2025-02-20,10:00,no,winter,yes,,,,,,,,2.2,11.61,88.2,,,,,
7,MOHK_D10,5,2025-02-20,10:00,no,winter,yes,,,,,,,,2.2,11.58,88,,,,,
7,MOHK_D10,6,2025-02-20,10:00,no,winter,yes,,,,,,,,2.2,11.35,86.3,,,,,
7,MOHK_D10,7,2025-02-20,10:00,no,winter,yes,,,,,,,,2.3,11,83.9,,,,,
7,MOHK_D10,8,2025-02-20,10:00,no,winter,yes,,,,,,,,2.4,10.57,80.7,,,,,
7,MOHK_D10,9,2025-02-20,10:00,no,winter,yes,,,,,,,,2.6,10.06,77.2,,,,,
7,MOHK_D10,10,2025-02-20,10:00,no,winter,yes,,,,,,,,2.9,9.21,71.3,,,,,
7,MOHK_D10,11,2025-02-20,10:00,no,winter,yes,,,,,,,,3.1,8.87,69,,,,,
7,MOHK_D10,12,2025-02-20,10:00,no,winter,yes,,,,,,,,3.3,8.6,67.3,,,,,
8,MOHK_D10,0,2025-02-26,11:40,no,winter,yes,0.9,99,6,6.47,N/A,,,2.8,12.1,94,,40,100%,AJG-Ice thickness measured off end of dock,
8,MOHK_D10,1,2025-02-26,11:40,no,winter,yes,2.8,133,93,7.17,,,,2.6,11.62,89.8,,,,,
8,MOHK_D10,2,2025-02-26,11:40,no,winter,yes,,,,,,,,2.7,11.33,87.7,,,,,
8,MOHK_D10,3,2025-02-26,11:40,no,winter,yes,,,,,,,,2.5,11.28,86.9,,,,,
8,MOHK_D10,4,2025-02-26,11:40,no,winter,yes,,,,,,,,2.5,11.08,85.3,,,,,
8,MOHK_D10,5,2025-02-26,11:40,no,winter,yes,,,,,,,,2.5,11.04,84.9,,,,,
8,MOHK_D10,6,2025-02-26,11:40,no,winter,yes,,,,,,,,2.5,10.98,84.4,,,,,
8,MOHK_D10,7,2025-02-26,11:40,no,winter,yes,,,,,,,,2.5,10.7,82.4,,,,,
8,MOHK_D10,8,2025-02-26,11:40,no,winter,yes,,,,,,,,2.5,10.33,79.5,,,,,
8,MOHK_D10,9,2025-02-26,11:40,no,winter,yes,,,,,,,,2.6,9.84,76,,,,,
8,MOHK_D10,10,2025-02-26,11:40,no,winter,yes,,,,,,,,2.8,9.86,76.4,,,,,
8,MOHK_D10,11,2025-02-26,11:40,no,winter,yes,,,,,,,,3,9.22,71.9,,,,,
8,MOHK_D10,12,2025-02-26,11:40,no,winter,yes,,,,,,,,3.2,8.05,63.2,,,,,
9,MOHK_D10,0,2025-03-04,12:00,no,winter,yes,0.8,103,61,7.77,N/A,,,1.9,11.61,87,,33,100%,SMD-Ice thickness measured off end of dock,
9,MOHK_D10,1,2025-03-04,12:00,no,winter,yes,3.6,149,90,8.66,,,,2.6,11.83,90.4,,,,,
9,MOHK_D10,2,2025-03-04,12:00,no,winter,yes,,,,,,,,2.7,11.73,90,,,,,
9,MOHK_D10,3,2025-03-04,12:00,no,winter,yes,,,,,,,,2.7,11.73,90,,,,,
9,MOHK_D10,4,2025-03-04,12:00,no,winter,yes,,,,,,,,2.7,11.72,90,,,,,
9,MOHK_D10,5,2025-03-04,12:00,no,winter,yes,,,,,,,,2.8,11.79,90.6,,,,,
9,MOHK_D10,6,2025-03-04,12:00,no,winter,yes,,,,,,,,2.8,11.79,90.6,,,,,
9,MOHK_D10,7,2025-03-04,12:00,no,winter,yes,,,,,,,,2.8,11.75,90.3,,,,,
9,MOHK_D10,8,2025-03-04,12:00,no,winter,yes,,,,,,,,2.8,11.69,89.8,,,,,
9,MOHK_D10,9,2025-03-04,12:00,no,winter,yes,,,,,,,,2.8,11.61,89.2,,,,,
9,MOHK_D10,10,2025-03-04,12:00,no,winter,yes,,,,,,,,2.9,9.59,73.9,,,,,
9,MOHK_D10,11,2025-03-04,12:00,no,winter,yes,,,,,,,,3.1,8.79,68.1,,,,,
9,MOHK_D10,12,2025-03-04,12:00,no,winter,yes,,,,,,,,3.3,8.2,63.9,,,,,
10,MOHK_D10,0,2025-03-12,11:45,no,winter,yes,1.1,69,47,7.55,N/A,,,2.1,11.4,86.4,,16,100%,SMD-Ice thickness measured off end of dock,
10,MOHK_D10,1,2025-03-12,11:45,no,winter,yes,4.3,125,68,8,,,,3.3,11.79,92.3,,,,,
10,MOHK_D10,2,2025-03-12,11:45,no,winter,yes,,,,,,,,3.4,11.87,93.1,,,,,
10,MOHK_D10,3,2025-03-12,11:45,no,winter,yes,,,,,,,,3.4,11.88,93.1,,,,,
10,MOHK_D10,4,2025-03-12,11:45,no,winter,yes,,,,,,,,3.4,11.84,92.8,,,,,
10,MOHK_D10,5,2025-03-12,11:45,no,winter,yes,,,,,,,,3.4,11.79,92.4,,,,,
10,MOHK_D10,6,2025-03-12,11:45,no,winter,yes,,,,,,,,3.4,11.74,92,,,,,
10,MOHK_D10,7,2025-03-12,11:45,no,winter,yes,,,,,,,,3.4,11.79,92.5,,,,,
10,MOHK_D10,8,2025-03-12,11:45,no,winter,yes,,,,,,,,3.4,11.84,92.8,,,,,
10,MOHK_D10,9,2025-03-12,11:45,no,winter,yes,,,,,,,,3.4,11.84,92.8,,,,,
10,MOHK_D10,10,2025-03-12,11:45,no,winter,yes,,,,,,,,3.4,11.78,92.4,,,,,
10,MOHK_D10,11,2025-03-12,11:45,no,winter,yes,,,,,,,,3.4,11.76,92.2,,,,,
10,MOHK_D10,12,2025-03-12,11:45,no,winter,yes,,,,,,,,3.4,11.51,90.3,,,,,
11,MOHK_D10,0,2025-03-18,10:30,no,winter,yes,3.8,85,50,7.53,5.4,,,3.7,11.03,86.7,,1,70,,
11,MOHK_D10,1,2025-03-18,10:30,no,winter,yes,4.1,101,63,8.46,,,,3.9,11.25,89,,,,,
11,MOHK_D10,2,2025-03-18,10:30,no,winter,yes,,,,,,,,3.9,11.27,89.2,,,,,
11,MOHK_D10,3,2025-03-18,10:30,no,winter,yes,,,,,,,,3.8,11.25,89,,,,,
11,MOHK_D10,4,2025-03-18,10:30,no,winter,yes,,,,,,,,3.8,11.27,89,,,,,
11,MOHK_D10,5,2025-03-18,10:30,no,winter,yes,,,,,,,,3.8,11.24,88.8,,,,,
11,MOHK_D10,6,2025-03-18,10:30,no,winter,yes,,,,,,,,3.8,11.29,89.2,,,,,
11,MOHK_D10,7,2025-03-18,10:30,no,winter,yes,,,,,,,,3.8,11.32,89.4,,,,,
11,MOHK_D10,8,2025-03-18,10:30,no,winter,yes,,,,,,,,3.8,11.27,89,,,,,
11,MOHK_D10,9,2025-03-18,10:30,no,winter,yes,,,,,,,,3.8,11.28,89.1,,,,,
11,MOHK_D10,10,2025-03-18,10:30,no,winter,yes,,,,,,,,3.9,11.49,90.8,,,,,
11,MOHK_D10,11,2025-03-18,10:30,no,winter,yes,,,,,,,,3.9,11.39,90.1,,,,,
11,MOHK_D10,12,2025-03-18,10:30,no,winter,yes,,,,,,,,3.8,11.25,88.9,,,,,
12,MOHK_D10,0,2025-03-26,11:30,no,spring,no,5.5,97,63,7.75,3.3,,,6.1,10.97,92.4,,0,0,AJG,
12,MOHK_D10,1,2025-03-26,11:30,no,spring,no,6,120,71,8.56,,,,5.6,10.83,90,,,,,
12,MOHK_D10,2,2025-03-26,11:30,no,spring,no,,,,,,,,5.1,10.83,88.8,,,,,
12,MOHK_D10,3,2025-03-26,11:30,no,spring,no,,,,,,,,4.9,10.84,88.6,,,,,
12,MOHK_D10,4,2025-03-26,11:30,no,spring,no,,,,,,,,4.8,10.83,88.4,,,,,
12,MOHK_D10,5,2025-03-26,11:30,no,spring,no,,,,,,,,4.7,10.82,87.8,,,,,
12,MOHK_D10,6,2025-03-26,11:30,no,spring,no,,,,,,,,4.6,10.79,87.4,,,,,
12,MOHK_D10,7,2025-03-26,11:30,no,spring,no,,,,,,,,4.6,10.77,87.2,,,,,
12,MOHK_D10,8,2025-03-26,11:30,no,spring,no,,,,,,,,4.5,10.74,86.8,,,,,
12,MOHK_D10,9,2025-03-26,11:30,no,spring,no,,,,,,,,4.5,10.74,86.8,,,,,
12,MOHK_D10,10,2025-03-26,11:30,no,spring,no,,,,,,,,4.4,10.69,86.3,,,,,
12,MOHK_D10,11,2025-03-26,11:30,no,spring,no,,,,,,,,4.4,10.66,86,,,,,
12,MOHK_D10,12,2025-03-26,11:30,no,spring,no,,,,,,,,4.4,10.63,85.7,,,,,
13,MOHK_D10,0,2025-04-02,11:40,no,spring,no,6,101,58,7.82,,,,6.6,11.39,95.8,,0,0,AJG,
13,MOHK_D10,1,2025-04-02,11:40,no,spring,no,6.2,142,88,8.49,,,,6.3,11.42,95.3,,,,,
13,MOHK_D10,2,2025-04-02,11:40,no,spring,no,,,,,,,,6.1,11.46,95.1,,,,,
13,MOHK_D10,3,2025-04-02,11:40,no,spring,no,,,,,,,,6,11.45,94.7,,,,,
13,MOHK_D10,4,2025-04-02,11:40,no,spring,no,,,,,,,,5.9,11.46,94.6,,,,,
13,MOHK_D10,5,2025-04-02,11:40,no,spring,no,,,,,,,,5.8,11.37,93.6,,,,,
13,MOHK_D10,6,2025-04-02,11:40,no,spring,no,6.5,118,70,7.31,,,,5.7,11.29,92.6,,,,,
13,MOHK_D10,7,2025-04-02,11:40,no,spring,no,,,,,,,,5.6,11.25,92.2,,,,,
13,MOHK_D10,8,2025-04-02,11:40,no,spring,no,,,,,,,,5.6,11.22,91.8,,,,,
13,MOHK_D10,9,2025-04-02,11:40,no,spring,no,,,,,,,,5.4,11.09,90.3,,,,,
13,MOHK_D10,10,2025-04-02,11:40,no,spring,no,,,,,,,,5.1,10.77,87,,,,,
13,MOHK_D10,11,2025-04-02,11:40,no,spring,no,,,,,,,,5,10.58,85.2,,,,,
13,MOHK_D10,12,2025-04-02,11:40,no,spring,no,5.3,97,57,6.87,,,,4.9,10.44,84,,,,,
14,MOHK_D10,0,2025-04-09,10:00,no,spring,no,6.2,90,53,7.05,4.9,,,6.3,11.67,98,,0,0,SMD,
14,MOHK_D10,1,2025-04-09,10:00,no,spring,no,6.1,91,55,8.14,,,,6.2,11.47,96.1,,,,,
14,MOHK_D10,2,2025-04-09,10:00,no,spring,no,,,,,,,,6.1,11.42,95.5,,,,,
14,MOHK_D10,3,2025-04-09,10:00,no,spring,no,,,,,,,,6,11.41,95.2,,,,,
14,MOHK_D10,4,2025-04-09,10:00,no,spring,no,,,,,,,,6,11.39,95,,,,,
14,MOHK_D10,5,2025-04-09,10:00,no,spring,no,,,,,,,,6,11.38,94.8,,,,,
14,MOHK_D10,6,2025-04-09,10:00,no,spring,no,8.2,121,67,7.38,,,,6,11.36,94.6,,,,,
14,MOHK_D10,7,2025-04-09,10:00,no,spring,no,,,,,,,,6,11.35,94.5,,,,,
14,MOHK_D10,8,2025-04-09,10:00,no,spring,no,,,,,,,,6,11.33,94.4,,,,,
14,MOHK_D10,9,2025-04-09,10:00,no,spring,no,,,,,,,,5.9,11.31,94.2,,,,,
14,MOHK_D10,10,2025-04-09,10:00,no,spring,no,,,,,,,,5.9,11.3,94,,,,,
14,MOHK_D10,11,2025-04-09,10:00,no,spring,no,,,,,,,,5.9,11.25,93.5,,,,,
14,MOHK_D10,12,2025-04-09,10:00,no,spring,no,6.9,119,75,8.67,,,,5.4,10,82,,,,,
15,MOHK_D10,0,2025-04-16,11:30,no,spring,no,7.2,91,57,8.27,2.2,,,7,11.33,98.6,,0,0,AJG,
15,MOHK_D10,1,2025-04-16,11:30,no,spring,no,6.5,95,58,7.9,,,,6.8,11.35,98.3,,,,,
15,MOHK_D10,2,2025-04-16,11:30,no,spring,no,,,,,,,,6.7,11.35,98,,,,,
15,MOHK_D10,3,2025-04-16,11:30,no,spring,no,,,,,,,,6.6,11.38,98,,,,,
15,MOHK_D10,4,2025-04-16,11:30,no,spring,no,,,,,,,,6.6,11.37,97.9,,,,,
15,MOHK_D10,5,2025-04-16,11:30,no,spring,no,,,,,,,,6.6,11.36,97.7,,,,,
15,MOHK_D10,6,2025-04-16,11:30,no,spring,no,6.5,94,57,7.52,,,,6.4,11.28,96.7,,,,,
15,MOHK_D10,7,2025-04-16,11:30,no,spring,no,,,,,,,,6.3,11.26,96.3,,,,,
15,MOHK_D10,8,2025-04-16,11:30,no,spring,no,,,,,,,,5.8,11.08,93.5,,,,,
15,MOHK_D10,9,2025-04-16,11:30,no,spring,no,,,,,,,,5.7,10.98,92.2,,,,,
15,MOHK_D10,10,2025-04-16,11:30,no,spring,no,,,,,,,,5.6,10.84,90.9,,,,,
15,MOHK_D10,11,2025-04-16,11:30,no,spring,no,,,,,,,,5.5,10.82,90.7,,,,,
15,MOHK_D10,12,2025-04-16,11:30,no,spring,no,5.8,94,56,7.4,,,,5.5,10.25,85.8,,,,,
16,MOHK_D10,0,2025-04-22,9:30,yes,spring,no,,,,,4.2,,,11.7,10.4,100.4,,0,0,SMD,"Van Dorn + Zoop @ 11m, forgot to do hanna at 0 m"
16,MOHK_D10,1,2025-04-22,9:30,yes,spring,no,11,101,61,9.2,,,,9.8,11.23,103.6,,,,,
16,MOHK_D10,2,2025-04-22,9:30,yes,spring,no,,,,,,,,9.7,11.23,103.4,,,,,
16,MOHK_D10,3,2025-04-22,9:30,yes,spring,no,,,,,,,,9.5,11.27,103.4,,,,,
16,MOHK_D10,4,2025-04-22,9:30,yes,spring,no,,,,,,,,9.3,11.25,102.8,,,,,
16,MOHK_D10,5,2025-04-22,9:30,yes,spring,no,,,,,,,,7.8,11.02,97.1,,,,,
16,MOHK_D10,6,2025-04-22,9:30,yes,spring,no,12.8,95,65,6.6,,,,7,10.8,93.2,,,,,
16,MOHK_D10,7,2025-04-22,9:30,yes,spring,no,,,,,,,,6.6,10.76,91.9,,,,,
16,MOHK_D10,8,2025-04-22,9:30,yes,spring,no,,,,,,,,6.4,10.7,90.8,,,,,
16,MOHK_D10,9,2025-04-22,9:30,yes,spring,no,,,,,,,,6.2,10.53,89,,,,,
16,MOHK_D10,10,2025-04-22,9:30,yes,spring,no,,,,,,,,6,10.37,87.3,,,,,
16,MOHK_D10,11,2025-04-22,9:30,yes,spring,no,9.2,97,59,6.55,,,,5.9,10.01,84,,,,,
16,MOHK_D10,12,2025-04-22,9:30,yes,spring,no,,,,,,,,5.8,9.69,81,,,,,
17,MOHK_D10,0,2025-04-30,10:00,yes,spring,no,14.3,86,51,7.1,,,,15,10.18,105.5,,0,0,AJG,Van Dorn + Zoop at 11 m
17,MOHK_D10,1,2025-04-30,10:00,yes,spring,no,15.3,98,54,7,,,,15.7,10.27,105.8,,,,,
17,MOHK_D10,2,2025-04-30,10:00,yes,spring,no,,,,,,,,15.2,10.53,107.2,,,,,
17,MOHK_D10,3,2025-04-30,10:00,yes,spring,no,,,,,,,,13.5,10.63,106.6,,,,,
17,MOHK_D10,4,2025-04-30,10:00,yes,spring,no,,,,,,,,11.2,10.84,103.3,,,,,
17,MOHK_D10,5,2025-04-30,10:00,yes,spring,no,,,,,,,,9.4,10.71,97.8,,,,,
17,MOHK_D10,6,2025-04-30,10:00,yes,spring,no,11.8,89,54,6.21,,,,8.1,10.5,93,,,,,
17,MOHK_D10,7,2025-04-30,10:00,yes,spring,no,,,,,,,,7.5,10.29,89.6,,,,,
17,MOHK_D10,8,2025-04-30,10:00,yes,spring,no,,,,,,,,6.9,10.3,88.4,,,,,
17,MOHK_D10,9,2025-04-30,10:00,yes,spring,no,,,,,,,,6.5,10.08,85.7,,,,,
17,MOHK_D10,10,2025-04-30,10:00,yes,spring,no,,,,,,,,6.2,9.75,82.3,,,,,
17,MOHK_D10,11,2025-04-30,10:00,yes,spring,no,8.6,93,53,6.04,,,,6,9.16,76.9,,,,,
17,MOHK_D10,12,2025-04-30,10:00,yes,spring,no,,,,,,,,5.9,7.82,65.6,,,,,
18,MOHK_D10,0,2025-05-07,11:30,yes,spring,no,16.2,87,53,,1.8,,,16.6,9.79,105.2,,0,0,SMD,Hanna done after field in lab
18,MOHK_D10,1,2025-05-07,11:30,yes,spring,no,16.1,89,59,7.57,,,,16.5,9.84,105.3,,,,,
18,MOHK_D10,2,2025-05-07,11:30,yes,spring,no,,,,,,,,16.2,9.85,104.9,,,,,
18,MOHK_D10,3,2025-05-07,11:30,yes,spring,no,,,,,,,,14.2,9.97,101.7,,,,,
18,MOHK_D10,4,2025-05-07,11:30,yes,spring,no,,,,,,,,11.4,10.23,98,,,,,
18,MOHK_D10,5,2025-05-07,11:30,yes,spring,no,,,,,,,,9.7,10.36,95.3,,,,,
18,MOHK_D10,6,2025-05-07,11:30,yes,spring,no,11.1,132,81,7.25,,,,8.6,9.96,89.2,,,,,
18,MOHK_D10,7,2025-05-07,11:30,yes,spring,no,,,,,,,,7.5,9.85,86,,,,,
18,MOHK_D10,8,2025-05-07,11:30,yes,spring,no,,,,,,,,6.8,9.79,83.9,,,,,
18,MOHK_D10,9,2025-05-07,11:30,yes,spring,no,,,,,,,,6.5,9.66,82.1,,,,,
18,MOHK_D10,10,2025-05-07,11:30,yes,spring,no,,,,,,,,6.2,8.55,72.1,,,,,
18,MOHK_D10,11,2025-05-07,11:30,yes,spring,no,9.7,123,59,7.05,,,,6,8.13,68.3,,,,,
18,MOHK_D10,12,2025-05-07,11:30,yes,spring,no,,,,,,,,5.9,7.12,59.6,,,,,
19,MOHK_D10,0,2025-05-14,10:30,yes,spring,no,16.3,79,47,6.5,2.1,,,17,9.92,106.9,,0,0,SMD,
19,MOHK_D10,1,2025-05-14,10:30,yes,spring,no,16.1,98,57,6.84,,,,16.5,10.13,108,,,,,
19,MOHK_D10,2,2025-05-14,10:30,yes,spring,no,,,,,,,,16.2,10.04,106.4,,,,,
19,MOHK_D10,3,2025-05-14,10:30,yes,spring,no,,,,,,,,15.6,9.92,103.6,,,,,
19,MOHK_D10,4,2025-05-14,10:30,yes,spring,no,,,,,,,,13.2,10.32,102.4,,,,,
19,MOHK_D10,5,2025-05-14,10:30,yes,spring,no,,,,,,,,10.4,10.17,94.6,,,,,
19,MOHK_D10,6,2025-05-14,10:30,yes,spring,no,10.9,95,52,7.2,,,,8.9,9.87,88.7,,,,,
19,MOHK_D10,7,2025-05-14,10:30,yes,spring,no,,,,,,,,7.7,9.61,83.8,,,,,
19,MOHK_D10,8,2025-05-14,10:30,yes,spring,no,,,,,,,,7.1,9.55,82,,,,,
19,MOHK_D10,9,2025-05-14,10:30,yes,spring,no,,,,,,,,6.7,9.16,77.9,,,,,
19,MOHK_D10,10,2025-05-14,10:30,yes,spring,no,,,,,,,,6.4,7.83,66.1,,,,,
19,MOHK_D10,11,2025-05-14,10:30,yes,spring,no,7.6,91,51,6.81,,,,6.2,7.6,63.7,,,,,
19,MOHK_D10,12,2025-05-14,10:30,yes,spring,no,,,,,,,,6,6.68,55.9,,,,,
20,MOHK_D10,0,2025-05-22,15:11,yes,spring,no,14.9,83,47,6.49,2.85,,,14.4,10.13,104.3,,,,"DCR, GSS",
20,MOHK_D10,1,2025-05-22,15:11,yes,spring,no,13.7,89,51,7.48,,,,14.7,10.04,104.1,,,,#Sensor was unplugged when we arrived. Plugged back in at 15:11,
20,MOHK_D10,2,2025-05-22,15:11,yes,spring,no,,,,,,,,14.8,10.02,104.1,,,,,
20,MOHK_D10,3,2025-05-22,15:11,yes,spring,no,,,,,,,,14.7,9.96,103.3,,,,,
20,MOHK_D10,4,2025-05-22,15:11,yes,spring,no,,,,,,,,13.3,10.75,107.9,,,,,
20,MOHK_D10,5,2025-05-22,15:11,yes,spring,no,,,,,,,,10.8,10.57,100.2,,,,,
20,MOHK_D10,6,2025-05-22,15:11,yes,spring,no,8.5,84,53,6.2,,,,8.9,10.05,91.2,,,,,
20,MOHK_D10,7,2025-05-22,15:11,yes,spring,no,,,,,,,,7.9,9.43,83.4,,,,,
20,MOHK_D10,8,2025-05-22,15:11,yes,spring,no,,,,,,,,7.1,9.39,81.5,,,,,
20,MOHK_D10,9,2025-05-22,15:11,yes,spring,no,,,,,,,,6.7,8.94,76.8,,,,,
20,MOHK_D10,10,2025-05-22,15:11,yes,spring,no,,,,,,,,6.3,8.14,69.3,,,,,
20,MOHK_D10,11,2025-05-22,15:11,yes,spring,no,7.5,85,51,6.13,,,,6.1,7.39,62.6,,,,,
20,MOHK_D10,12,2025-05-22,15:11,yes,spring,no,,,,,,,,5.9,5.26,44.3,,,,,
21,MOHK_D10,0,2025-05-28,15:20,yes,spring,no,18,90,54,5.81,3,,,18.5,10.15,112.3,,,,GSS ,
21,MOHK_D10,1,2025-05-28,15:20,yes,spring,no,18.6,95,57,6.82,,,,18.1,10.32,113.2,,,,"#Hanna Data collected at lab for 6m & 11m, no temperature because placed in refridgerator previously",
21,MOHK_D10,2,2025-05-28,15:20,yes,spring,no,,,,,,,,15.8,10.11,105.8,,,,,
21,MOHK_D10,3,2025-05-28,15:20,yes,spring,no,,,,,,,,14.8,10.25,105,,,,,
21,MOHK_D10,4,2025-05-28,15:20,yes,spring,no,,,,,,,,14.2,10.22,103.3,,,,,
21,MOHK_D10,5,2025-05-28,15:20,yes,spring,no,,,,,,,,10.7,10.48,97.9,,,,,
21,MOHK_D10,6,2025-05-28,15:20,yes,spring,no,NA,96,58,5.66,,,,9.4,9.96,90.2,,,,,
21,MOHK_D10,7,2025-05-28,15:20,yes,spring,no,,,,,,,,8.1,9.22,80.9,,,,,
21,MOHK_D10,8,2025-05-28,15:20,yes,spring,no,,,,,,,,7.3,9.01,77.5,,,,,
21,MOHK_D10,9,2025-05-28,15:20,yes,spring,no,,,,,,,,6.7,8.59,72.8,,,,,
21,MOHK_D10,10,2025-05-28,15:20,yes,spring,no,,,,,,,,6.4,7.53,63.4,,,,,
21,MOHK_D10,11,2025-05-28,15:20,yes,spring,no,NA,100,60,5.45,,,,6.1,5.92,49.4,,,,,
21,MOHK_D10,12,2025-05-28,15:20,yes,spring,no,,,,,,,,5.9,4.51,37.5,,,,,
22,MOHK_D10,0,2025-06-04,10:40,yes,spring,no,18.3,84,50,6.94,3.2,,,19.1,9.51,106.6,,,,EIO,
22,MOHK_D10,1,2025-06-04,10:40,yes,spring,no,19.4,94,54,6.55,,,,18.4,9.64,106.5,,,,,
22,MOHK_D10,2,2025-06-04,10:40,yes,spring,no,,,,,,,,16.6,10.02,106.7,,,,,
22,MOHK_D10,3,2025-06-04,10:40,yes,spring,no,,,,,,,,15.8,9.98,104.4,,,,,
22,MOHK_D10,4,2025-06-04,10:40,yes,spring,no,,,,,,,,14.3,10.44,106.8,,,,,
22,MOHK_D10,5,2025-06-04,10:40,yes,spring,no,,,,,,,,12,12.09,116.3,,,,,
22,MOHK_D10,6,2025-06-04,10:40,yes,spring,no,14.1,97,58,7.83,,,,9.9,10.63,97.7,,,,,
22,MOHK_D10,7,2025-06-04,10:40,yes,spring,no,,,,,,,,8.3,9.23,81.5,,,,,
22,MOHK_D10,8,2025-06-04,10:40,yes,spring,no,,,,,,,,7.4,8.83,76.3,,,,,
22,MOHK_D10,9,2025-06-04,10:40,yes,spring,no,,,,,,,,6.7,7.65,65,,,,,
22,MOHK_D10,10,2025-06-04,10:40,yes,spring,no,,,,,,,,6.3,6.37,53.6,,,,,
22,MOHK_D10,11,2025-06-04,10:40,yes,spring,no,13.3,93,56,7.18,,,,6.1,4.89,40.9,,,,,
22,MOHK_D10,12,2025-06-04,10:40,yes,spring,no,,,,,,,,6,4.17,34.8,,,,,
23,MOHK_D10,0,2025-06-11,14:05,yes,spring,no,21.6,80,53,7.12,2.7,,,22.4,8.96,108,,,,SHW,
23,MOHK_D10,1,2025-06-11,14:05,yes,spring,no,22.4,83,50,6.81,,,,21.9,9.13,108.9,,,,,
23,MOHK_D10,2,2025-06-11,14:05,yes,spring,no,,,,,,,,19.9,10.09,115.6,,,,,
23,MOHK_D10,3,2025-06-11,14:05,yes,spring,no,,,,,,,,17.2,10.61,115.2,,,,,
23,MOHK_D10,4,2025-06-11,14:05,yes,spring,no,,,,,,,,14.6,11.29,116,,,,,
23,MOHK_D10,5,2025-06-11,14:05,yes,spring,no,,,,,,,,12.3,12.4,121,,,,,
23,MOHK_D10,6,2025-06-11,14:05,yes,spring,no,17.5,88,54,6.81,,,,9.9,11.38,105,,,,,
23,MOHK_D10,7,2025-06-11,14:05,yes,spring,no,,,,,,,,8.6,10.18,91,,,,,
23,MOHK_D10,8,2025-06-11,14:05,yes,spring,no,,,,,,,,7.7,8.69,76,,,,,
23,MOHK_D10,9,2025-06-11,14:05,yes,spring,no,,,,,,,,7.1,8.49,73.1,,,,,
23,MOHK_D10,10,2025-06-11,14:05,yes,spring,no,,,,,,,,6.6,7.06,60.1,,,,,
23,MOHK_D10,11,2025-06-11,14:05,yes,spring,no,15.2,89,53,6.76,,,,6.3,5.83,49.3,,,,,
23,MOHK_D10,12,2025-06-11,14:05,yes,spring,no,,,,,,,,6.1,3.18,26.7,,,,,
24,MOHK_D10,0,2025-06-18,11:00,yes,spring,no,19.6,78,49,6.47,2.9,,,19.6,9.03,103.1,,,,SHW,
24,MOHK_D10,1,2025-06-18,11:00,yes,spring,no,19.8,96,50,7.15,,,,19.6,9.03,103.2,,,,pH sensor on Hanna may need to be replaced,
24,MOHK_D10,2,2025-06-18,11:00,yes,spring,no,,,,,,,,19.6,9.02,103.1,,,,,
24,MOHK_D10,3,2025-06-18,11:00,yes,spring,no,,,,,,,,18.1,10.38,115.1,,,,,
24,MOHK_D10,4,2025-06-18,11:00,yes,spring,no,,,,,,,,15.5,10.86,114,,,,,
24,MOHK_D10,5,2025-06-18,11:00,yes,spring,no,,,,,,,,12.7,12.38,122.1,,,,,
24,MOHK_D10,6,2025-06-18,11:00,yes,spring,no,16.2,87,51,6.51,,,,10,12.05,111.9,,,,,
24,MOHK_D10,7,2025-06-18,11:00,yes,spring,no,,,,,,,,8.5,9.79,87.7,,,,,
24,MOHK_D10,8,2025-06-18,11:00,yes,spring,no,,,,,,,,7.6,8.53,74.6,,,,,
24,MOHK_D10,9,2025-06-18,11:00,yes,spring,no,,,,,,,,6.8,7.44,63.9,,,,,
24,MOHK_D10,10,2025-06-18,11:00,yes,spring,no,,,,,,,,6.5,6.44,54.8,,,,,
24,MOHK_D10,11,2025-06-18,11:00,yes,spring,no,14.7,89,53,6.63,,,,6.3,4.72,40,,,,,
24,MOHK_D10,12,2025-06-18,11:00,yes,spring,no,,,,,,,,6.2,2.59,21.9,,,,,
25,MOHK_D10,0,2025-06-26,10:30,yes,summer,no,25,78,47,5.85,3.5,,,24.7,8.57,107.5,,,,SHW,
25,MOHK_D10,1,2025-06-26,10:30,yes,summer,no,25.1,94,49,6.21,,,,25,8.48,107,,,,,
25,MOHK_D10,2,2025-06-26,10:30,yes,summer,no,,,,,,,,24.1,8.99,111.4,,,,,
25,MOHK_D10,3,2025-06-26,10:30,yes,summer,no,,,,,,,,21.7,9.06,107.4,,,,,
25,MOHK_D10,4,2025-06-26,10:30,yes,summer,no,,,,,,,,17,10.65,114.7,,,,,
25,MOHK_D10,5,2025-06-26,10:30,yes,summer,no,,,,,,,,13.7,11.88,119.2,,,,,
25,MOHK_D10,6,2025-06-26,10:30,yes,summer,no,15,90,52,5.88,,,,11.7,12.29,117.8,,,,,
25,MOHK_D10,7,2025-06-26,10:30,yes,summer,no,,,,,,,,9.3,11.47,104.1,,,,,
25,MOHK_D10,8,2025-06-26,10:30,yes,summer,no,,,,,,,,7.9,9.37,82.2,,,,,
25,MOHK_D10,9,2025-06-26,10:30,yes,summer,no,,,,,,,,7.1,6.68,57.4,,,,,
25,MOHK_D10,10,2025-06-26,10:30,yes,summer,no,,,,,,,,6.5,4.63,39.2,,,,,
25,MOHK_D10,11,2025-06-26,10:30,yes,summer,no,13.6,87,53,5.86,,,,6.2,3.94,33.1,,,,,
25,MOHK_D10,12,2025-06-26,10:30,yes,summer,no,,,,,,,,6.1,2.02,16.9,,,,,
26,MOHK_D10,0,2025-07-01,11:00,yes,summer,no,25,79,47,6.77,6,,,25.5,8.12,104.4,,,,SRS,
26,MOHK_D10,1,2025-07-01,11:00,yes,summer,no,26.1,95,52,7.55,,,,25.4,8.16,104.5,,,,,
26,MOHK_D10,2,2025-07-01,11:00,yes,summer,no,,,,,,,,24.1,8.47,105.9,,,,,
26,MOHK_D10,3,2025-07-01,11:00,yes,summer,no,,,,,,,,22.1,8.94,107.9,,,,,
26,MOHK_D10,4,2025-07-01,11:00,yes,summer,no,,,,,,,,17.4,10.49,115.1,,,,,
26,MOHK_D10,5,2025-07-01,11:00,yes,summer,no,,,,,,,,13.6,11.92,120.5,,,,,
26,MOHK_D10,6,2025-07-01,11:00,yes,summer,no,19.6,96,57,6.98,,,,11.3,12.29,118.1,,,,,
26,MOHK_D10,7,2025-07-01,11:00,yes,summer,no,,,,,,,,9.4,12.23,112.2,,,,,
26,MOHK_D10,8,2025-07-01,11:00,yes,summer,no,,,,,,,,7.4,8.73,76.3,,,,,
26,MOHK_D10,9,2025-07-01,11:00,yes,summer,no,,,,,,,,6.9,7.29,62.9,,,,,
26,MOHK_D10,10,2025-07-01,11:00,yes,summer,no,,,,,,,,6.5,5.13,43.8,,,,,
26,MOHK_D10,11,2025-07-01,11:00,yes,summer,no,16.4,91,54,6.83,,,,6.2,5.34,28.4,,,,,
26,MOHK_D10,12,2025-07-01,11:00,yes,summer, no ,,,,,,,,6.1,1.87,15.9,,,,,
27,MOHK_D10,0,2025-07-09,11:30,yes,summer,no,27,79,48,6.6,5.75,,,26.9,8.03,105.2,,,,SRS,
27,MOHK_D10,1,2025-07-09,11:30,yes,summer,no,25.5,82,51,6.69,,,,26.7,8.05,104.9,,,,1st YSI log not in water,
27,MOHK_D10,2,2025-07-09,11:30,yes,summer,no,,,,,,,,26.3,8.01,103.7,,,,(maybe one duplicate),
27,MOHK_D10,3,2025-07-09,11:30,yes,summer,no,,,,,,,,25,8.1,102.4,,,,,
27,MOHK_D10,4,2025-07-09,11:30,yes,summer,no,,,,,,,,18.5,10.95,122.1,,,,,
27,MOHK_D10,5,2025-07-09,11:30,yes,summer,no,,,,,,,,16,11.44,121.1,,,,,
27,MOHK_D10,6,2025-07-09,11:30,yes,summer,no,20.5,100,56,7.5,,,,11.4,11.78,112.5,,,,,
27,MOHK_D10,7,2025-07-09,11:30,yes,summer,no,,,,,,,,9,10.93,98.8,,,,,
27,MOHK_D10,8,2025-07-09,11:30,yes,summer,no,,,,,,,,8,10.48,92.2,,,,,
27,MOHK_D10,9,2025-07-09,11:30,yes,summer,no,,,,,,,,7.2,7.64,66,,,,,
27,MOHK_D10,10,2025-07-09,11:30,yes,summer,no,,,,,,,,6.6,4.7,40,,,,,
27,MOHK_D10,11,2025-07-09,11:30,yes,summer,no,19,102,59,6.9,,,,6.4,3.29,27.8,,,,,
27,MOHK_D10,12,2025-07-09,11:30,yes,summer,no,,,,,,,,6.2,1.09,9.2,,,,,
28,MOHK_D10,0,2025-07-16,10:12,yes,summer,no,27.1,80,48,6.76,7.1,,,27.3,7.9,104,,,,SHW,
28,MOHK_D10,1,2025-07-16,10:12,yes,summer,no,26.1,81,51,6.77,,,,26.8,7.89,103.1,,,,,
28,MOHK_D10,2,2025-07-16,10:12,yes,summer,no,,,,,,,,26.3,7.59,98.3,,,,,
28,MOHK_D10,3,2025-07-16,10:12,yes,summer,no,,,,,,,,24.7,8.47,106.5,,,,,
28,MOHK_D10,4,2025-07-16,10:12,yes,summer,no,,,,,,,,20,10.26,117.8,,,,,
28,MOHK_D10,5,2025-07-16,10:12,yes,summer,no,,,,,,,,15.8,11.29,119,,,,,
28,MOHK_D10,6,2025-07-16,10:12,yes,summer,no,16.5,97,55,7.35,,,,12.7,11.9,117,,,,,
28,MOHK_D10,7,2025-07-16,10:12,yes,summer,no,,,,,,,,10.2,11.83,110,,,,,
28,MOHK_D10,8,2025-07-16,10:12,yes,summer,no,,,,,,,,8.9,11.2,100.8,,,,,
28,MOHK_D10,9,2025-07-16,10:12,yes,summer,no,,,,,,,,7.8,8.98,78.7,,,,,
28,MOHK_D10,10,2025-07-16,10:12,yes,summer,no,,,,,,,,6.8,4.47,38.2,,,,,
28,MOHK_D10,11,2025-07-16,10:12,yes,summer,no,14.9,92,56,7.06,,,,6.5,3.32,28.2,,,,,
28,MOHK_D10,12,2025-07-16,10:12,yes,summer,no,,,,,,,,6.3,0.99,8.4,,,,,
29,MOHK_D10,0,2025-07-23,11:15,yes,summer,no,24.8,80,48,7.13,4.85,,,24.4,8.33,103.3,,,,SHW,
29,MOHK_D10,1,2025-07-23,11:15,yes,summer,no,24.5,81,48,7.18,,,,24.6,8.28,103.1,,,,,
29,MOHK_D10,2,2025-07-23,11:15,yes,summer,no,,,,,,,,24.7,8.24,102.8,,,,,
29,MOHK_D10,3,2025-07-23,11:15,yes,summer,no,,,,,,,,24.7,8.17,101.9,,,,,
29,MOHK_D10,4,2025-07-23,11:15,yes,summer,no,,,,,,,,20.3,10.62,121.8,,,,,
29,MOHK_D10,5,2025-07-23,11:15,yes,summer,no,,,,,,,,15.6,11.8,122.7,,,,,
29,MOHK_D10,6,2025-07-23,11:15,yes,summer,no,14,97,54,7.84,,,,12.2,11.96,115.5,,,,,
29,MOHK_D10,7,2025-07-23,11:15,yes,summer,no,,,,,,,,10.2,11.61,107,,,,,
29,MOHK_D10,8,2025-07-23,11:15,yes,summer,no,,,,,,,,9,11.49,102.9,,,,,
29,MOHK_D10,9,2025-07-23,11:15,yes,summer,no,,,,,,,,7.9,9.01,78.5,,,,,
29,MOHK_D10,10,2025-07-23,11:15,yes,summer,no,,,,,,,,7.1,5.5,47,,,,,
29,MOHK_D10,11,2025-07-23,11:15,yes,summer,no,12.1,101,61,8.01,,,,6.5,2.81,23.7,,,,,
29,MOHK_D10,12,2025-07-23,11:15,yes,summer,no,,,,,,,,6.3,0.36,3,,,,,
30,MOHK_D10,0,2025-07-30,10:15,yes,summer,no,27,77,46,6.74,6.1,,,26.9,8.07,105.5,,,,SRS,
30,MOHK_D10,1,2025-07-30,10:15,yes,summer,no,26.7,78,47,7,,,,26.8,8.01,104.7,,,,started rinsing hanna with,
30,MOHK_D10,2,2025-07-30,10:15,yes,summer,no,,,,,,,,26.4,8.21,106.4,,,,DI water in between,
30,MOHK_D10,3,2025-07-30,10:15,yes,summer,no,,,,,,,,25.5,8.16,104.2,,,,,
30,MOHK_D10,4,2025-07-30,10:15,yes,summer,no,,,,,,,,21.3,10.17,126.2,,,,,
30,MOHK_D10,5,2025-07-30,10:15,yes,summer,no,,,,,,,,16.2,12.31,130.8,,,,,
30,MOHK_D10,6,2025-07-30,10:15,yes,summer,no,16.2,84,50,7.24,,,,13.6,12.35,124.1,,,,,
30,MOHK_D10,7,2025-07-30,10:15,yes,summer,no,,,,,,,,10.8,11.6,109.3,,,,,
30,MOHK_D10,8,2025-07-30,10:15,yes,summer,no,,,,,,,,9.1,10.97,99.3,,,,,
30,MOHK_D10,9,2025-07-30,10:15,yes,summer,no,,,,,,,,7.7,7.55,66,,,,,
30,MOHK_D10,10,2025-07-30,10:15,yes,summer,no,,,,,,,,7,3.85,33.1,,,,,
30,MOHK_D10,11,2025-07-30,10:15,yes,summer,no,15.6,101,60,7.43,,,,6.5,0.84,7.1,,,,,
30,MOHK_D10,12,2025-07-30,10:15,yes,summer,no,,,,,,,,6.3,0.34,2.9,,,,,
31,MOHK_D10,0,2025-08-06,14:15,yes,summer,no,24.7,78,47,6.61,2.9,,,24.6,8.89,110.1,,,,"Low secchi for the clarity- found sensors unplugged, plugged back in at 15:00",
31,MOHK_D10,1,2025-08-06,14:15,yes,summer,no,24,84,47,6.61,,,,24.5,9.11,112.5,,,,,
31,MOHK_D10,2,2025-08-06,14:15,yes,summer,no,,,,,,,,24.3,9.17,112.9,,,,,
31,MOHK_D10,3,2025-08-06,14:15,yes,summer,no,,,,,,,,24.1,9.24,113.3,,,,,
31,MOHK_D10,4,2025-08-06,14:15,yes,summer,no,,,,,,,,23.3,8.97,108.4,,,,,
31,MOHK_D10,5,2025-08-06,14:15,yes,summer,no,,,,,,,,17.5,11.59,124.8,,,,,
31,MOHK_D10,6,2025-08-06,14:15,yes,summer,no,15.1,91,53,7.17,,,,14.5,12.16,122.9,,,,,
31,MOHK_D10,7,2025-08-06,14:15,yes,summer,no,,,,,,,,11.3,11.73,110.4,,,,,
31,MOHK_D10,8,2025-08-06,14:15,yes,summer,no,,,,,,,,8.5,9.65,85.1,,,,,
31,MOHK_D10,9,2025-08-06,14:15,yes,summer,no,,,,,,,,7.3,5.53,47.3,,,,,
31,MOHK_D10,10,2025-08-06,14:15,yes,summer,no,,,,,,,,6.8,2.83,23.9,,,,,
31,MOHK_D10,11,2025-08-06,14:15,yes,summer,no,11.2,99,58,6.89,,,,6.6,0.53,4.4,,,,,
31,MOHK_D10,12,2025-08-06,14:15,yes,summer,no,,,,,,,,6.3,0.33,2.8,,,,,
32,MOHK_D10,0,2025-08-14,13:20,yes,summer,no,26.9,79,47,7.28,3.6,,,27.1,8.33,109.8,Took a few minutes to get the temperature for 11m; second zoop sample sat in the heat before getting ETOH,,,,
32,MOHK_D10,1,2025-08-14,13:20,yes,summer,no,26.5,85,49,7.66,,,,26.2,8.39,108.6,,,,,
32,MOHK_D10,2,2025-08-14,13:20,yes,summer,no,,,,,,,,25.8,8.65,111.4,,,,,
32,MOHK_D10,3,2025-08-14,13:20,yes,summer,no,,,,,,,,25.4,8.79,112.2,,,,,
32,MOHK_D10,4,2025-08-14,13:20,yes,summer,no,,,,,,,,24.1,8.89,110.8,,,,,
32,MOHK_D10,5,2025-08-14,13:20,yes,summer,no,,,,,,,,18,12.42,137.4,,,,,
32,MOHK_D10,6,2025-08-14,13:20,yes,summer,no,15.4,86,51,6.88,,,,14.9,12.35,127.9,,,,,
32,MOHK_D10,7,2025-08-14,13:20,yes,summer,no,,,,,,,,11,10.74,101.8,,,,,
32,MOHK_D10,8,2025-08-14,13:20,yes,summer,no,,,,,,,,9.4,9.34,85.4,,,,,
32,MOHK_D10,9,2025-08-14,13:20,yes,summer,no,,,,,,,,8.4,7.6,67.8,,,,,
32,MOHK_D10,10,2025-08-14,13:20,yes,summer,no,,,,,,,,7.5,4.46,39,,,,,
32,MOHK_D10,11,2025-08-14,13:20,yes,summer,no,,,,,,,,6.8,0.4,3.4,,,,,
32,MOHK_D10,12,2025-08-14,13:20,yes,summer,no,17.4,90,55,6.97,,,,6.6,0.33,2.8,,,,,
33,MOHK_D10,0,2025-08-19,11:40,yes,summer,no,23.8,85,51,7.13,4,,,23.9,8.55,105.1,,,,GSS,
33,MOHK_D10,1,2025-08-19,11:40,yes,summer,no,23.7,83,50,6.94,,,,23.9,8.46,104,,,,,
33,MOHK_D10,2,2025-08-19,11:40,yes,summer,no,,,,,,,,23.8,8.46,103.9,,,,,
33,MOHK_D10,3,2025-08-19,11:40,yes,summer,no,,,,,,,,23.8,8.48,104.1,,,,,
33,MOHK_D10,4,2025-08-19,11:40,yes,summer,no,,,,,,,,23.7,8.46,103.7,,,,,
33,MOHK_D10,5,2025-08-19,11:40,yes,summer,no,,,,,,,,18.8,12.02,133.9,,,,,
33,MOHK_D10,6,2025-08-19,11:40,yes,summer,no,15,91,54,6.8,,,,13.9,12.04,120.8,,,,,
33,MOHK_D10,7,2025-08-19,11:40,yes,summer,no,,,,,,,,11.5,11.48,109.1,,,,,
33,MOHK_D10,8,2025-08-19,11:40,yes,summer,no,,,,,,,,9.2,8.69,78.4,,,,,
33,MOHK_D10,9,2025-08-19,11:40,yes,summer,no,,,,,,,,8.2,5.77,50.8,,,,,
33,MOHK_D10,10,2025-08-19,11:40,yes,summer,no,,,,,,,,7.3,1.6,13.7,,,,,
33,MOHK_D10,11,2025-08-19,11:40,yes,summer,no,12,99,58,6.88,,,,6.7,0.36,3.1,,,,,
33,MOHK_D10,12,2025-08-19,11:40,yes,summer,no,,,,,,,,6.5,0.3,2.6,,,,,
34,MOHK_D10,0,2025-08-27,15:00,yes,summer,no,22.1,49,48,7,4.15,,,22.2,9.11,109.2,,,,GSS,
34,MOHK_D10,1,2025-08-27,15:00,yes,summer,no,22.1,87,49,6.88,,,,22.1,9.12,109.1,,,,,
34,MOHK_D10,2,2025-08-27,15:00,yes,summer,no,,,,,,,,21.7,9.08,107.8,,,,,
34,MOHK_D10,3,2025-08-27,15:00,yes,summer,no,,,,,,,,21.5,9.01,106.6,,,,,
34,MOHK_D10,4,2025-08-27,15:00,yes,summer,no,,,,,,,,21.4,8.97,105.9,,,,,
34,MOHK_D10,5,2025-08-27,15:00,yes,summer,no,,,,,,,,19.1,12.29,138.7,,,,,
34,MOHK_D10,6,2025-08-27,15:00,yes,summer,no,17.7,104,62,7.46,,,,14.1,12.18,123.8,,,,,
34,MOHK_D10,7,2025-08-27,15:00,yes,summer,no,,,,,,,,11.5,10.58,101.4,,,,,
34,MOHK_D10,8,2025-08-27,15:00,yes,summer,no,,,,,,,,9.8,9.13,83.9,,,,,
34,MOHK_D10,9,2025-08-27,15:00,yes,summer,no,,,,,,,,8.3,5.26,46.7,,,,,
34,MOHK_D10,10,2025-08-27,15:00,yes,summer,no,,,,,,,,7.6,2.27,19.8,,,,,
34,MOHK_D10,11,2025-08-27,15:00,yes,summer,no,16.5,86,52,7.23,,,,7,0.42,3.6,,,,,
34,MOHK_D10,12,2025-08-27,15:00,yes,summer,no,,,,,,,,6.7,0.34,2.9,,,,,
35,MOHK_D10,0,2025-09-03,13:00,yes,summer,no,21,82,48,6.98,3.6,,,22.5,8.75,106,,,,GSS,
35,MOHK_D10,1,2025-09-03,13:00,yes,summer,no,21.6,81,49,6.98,,,,21.9,8.85,106,,,,,
35,MOHK_D10,2,2025-09-03,13:00,yes,summer,no,,,,,,,,21.7,8.89,106.1,,,,,
35,MOHK_D10,3,2025-09-03,13:00,yes,summer,no,,,,,,,,21.1,8.78,103.4,,,,,
35,MOHK_D10,4,2025-09-03,13:00,yes,summer,no,,,,,,,,20.8,8.82,103.3,,,,,
35,MOHK_D10,5,2025-09-03,13:00,yes,summer,no,,,,,,,,19.6,10.14,116,,,,,
35,MOHK_D10,6,2025-09-03,13:00,yes,summer,no,19,87,52,7.42,,,,15.1,10.93,113.7,,,,,
35,MOHK_D10,7,2025-09-03,13:00,yes,summer,no,,,,,,,,11.9,10.27,99.7,,,,,
35,MOHK_D10,8,2025-09-03,13:00,yes,summer,no,,,,,,,,9.6,8.29,76.2,,,,,
35,MOHK_D10,9,2025-09-03,13:00,yes,summer,no,,,,,,,,8.6,6.64,59.6,,,,,
35,MOHK_D10,10,2025-09-03,13:00,yes,summer,no,,,,,,,,7.7,3.86,33.9,,,,,
35,MOHK_D10,11,2025-09-03,13:00,yes,summer,no,12.9,102,57,7.14,,,,7,0.52,4.5,,,,,
35,MOHK_D10,12,2025-09-03,13:00,yes,summer,no,,,,,,,,6.6,0.31,2.7,,,,,
36,MOHK_D10,0,2025-09-09,9:34,yes,summer,no,19.8,83,48,6.91,4.45,,,19.8,8.92,101,,,,GSS,
36,MOHK_D10,1,2025-09-09,9:34,yes,summer,no,19.6,80,48,7.1,,,,19.9,8.86,100.6,,,,,
36,MOHK_D10,2,2025-09-09,9:34,yes,summer,no,,,,,,,,20,8.84,100.3,,,,,
36,MOHK_D10,3,2025-09-09,9:34,yes,summer,no,,,,,,,,20,8.83,100.3,,,,,
36,MOHK_D10,4,2025-09-09,9:34,yes,summer,no,,,,,,,,20,8.8,100,,,,,
36,MOHK_D10,5,2025-09-09,9:34,yes,summer,no,,,,,,,,19.1,10.31,115.1,,,,,
36,MOHK_D10,6,2025-09-09,9:34,yes,summer,no,15.8,86,51,7.1,,,,15.4,10.69,110.5,,,,,
36,MOHK_D10,7,2025-09-09,9:34,yes,summer,no,,,,,,,,12.2,9.69,93.3,,,,,
36,MOHK_D10,8,2025-09-09,9:34,yes,summer,no,,,,,,,,10,7.46,68.2,,,,,
36,MOHK_D10,9,2025-09-09,9:34,yes,summer,no,,,,,,,,8.6,5.63,49.8,,,,,
36,MOHK_D10,10,2025-09-09,9:34,yes,summer,no,,,,,,,,7.6,2.16,18.7,,,,,
36,MOHK_D10,11,2025-09-09,9:34,yes,summer,no,9.9,100,61,7.37,,,,6.8,0.36,3,,,,,
36,MOHK_D10,12,2025-09-09,9:34,yes,summer,no,,,,,,,,6.5,0.27,2.2,,,,,
37,MOHK_D10,0,2025-09-17,12:50,yes,summer,no,19.9,80,48,7.38,2.1,,,20.6,9.02,104.6,,,,GSS,
37,MOHK_D10,1,2025-09-17,12:50,yes,summer,no,21.4,85,52,7.87,,,,20.5,9.07,104.8,,,,,
37,MOHK_D10,2,2025-09-17,12:50,yes,summer,no,,,,,,,,20.4,9,103.7,,,,,
37,MOHK_D10,3,2025-09-17,12:50,yes,summer,no,,,,,,,,20.3,9.01,103.8,,,,,
37,MOHK_D10,4,2025-09-17,12:50,yes,summer,no,,,,,,,,20.2,9.02,103.7,,,,,
37,MOHK_D10,5,2025-09-17,12:50,yes,summer,no,,,,,,,,19.5,9,102.1,,,,,
37,MOHK_D10,6,2025-09-17,12:50,yes,summer,no,15.7,84,51,7.43,,,,14.7,10.49,107.7,,,,,
37,MOHK_D10,7,2025-09-17,12:50,yes,summer,no,,,,,,,,12.5,0.96,97.3,,,,,
37,MOHK_D10,8,2025-09-17,12:50,yes,summer,no,,,,,,,,10.3,7.3,67.7,,,,,
37,MOHK_D10,9,2025-09-17,12:50,yes,summer,no,,,,,,,,8.2,3.37,29.8,,,,,
37,MOHK_D10,10,2025-09-17,12:50,yes,summer,no,,,,,,,,7.3,0.39,3.4,,,,,
37,MOHK_D10,11,2025-09-17,12:50,yes,summer,no,10.7,100,58,7.55,,,,6.9,0.3,2.5,,,,,
37,MOHK_D10,12,2025-09-17,12:50,yes,summer,no,,,,,,,,6.7,0.29,2.4,,,,,
38,MOHK_D10,0,2025-09-24,14:50,yes,autumn,no,18.6,79,47,6.4,2.2,,,20.3,9.03,104.4,,,,GSS,
38,MOHK_D10,1,2025-09-24,14:50,yes,autumn,no,20.3,79,48,6.4,,,,20,9.1,104.4,,,,5 non-auto stabled samples taken by YSI. Delete from file.,
38,MOHK_D10,2,2025-09-24,14:50,yes,autumn,no,,,,,,,,19.8,9.11,104.2,,,,,
38,MOHK_D10,3,2025-09-24,14:50,yes,autumn,no,,,,,,,,19.6,9.05,103,,,,,
38,MOHK_D10,4,2025-09-24,14:50,yes,autumn,no,,,,,,,,19.3,8.98,101.7,,,,,
38,MOHK_D10,5,2025-09-24,14:50,yes,autumn,no,,,,,,,,18.8,9.22,103.3,,,,,
38,MOHK_D10,6,2025-09-24,14:50,yes,autumn,no,14.7,81,44,6.42,,,,16,10.2,107.7,,,,,
38,MOHK_D10,7,2025-09-24,14:50,yes,autumn,no,,,,,,,,12.6,8.76,85.9,,,,,
38,MOHK_D10,8,2025-09-24,14:50,yes,autumn,no,,,,,,,,9.9,6.54,60.4,,,,,
38,MOHK_D10,9,2025-09-24,14:50,yes,autumn,no,,,,,,,,8.2,3.33,29.5,,,,,
38,MOHK_D10,10,2025-09-24,14:50,yes,autumn,no,,,,,,,,7.5,1.24,10.8,,,,,
38,MOHK_D10,11,2025-09-24,14:50,yes,autumn,no,9.6,96,58,6.38,,,,7,0.28,2.4,,,,,
38,MOHK_D10,12,2025-09-24,14:50,yes,autumn,no,,,,,,,,6.7,0.25,2.2,,,,,
39,MOHK_D10,0,2025-10-01,13:30,yes,autumn,no,19.4,79,47,6.66,4.7,,,18.7,9.21,102.5,,,,GSS,
39,MOHK_D10,1,2025-10-01,13:30,yes,autumn,no,18.9,79,48,6.5,,,,18.9,9.15,102.2,,,,,
39,MOHK_D10,2,2025-10-01,13:30,yes,autumn,no,,,,,,,,18.9,9.12,101.9,,,,,
39,MOHK_D10,3,2025-10-01,13:30,yes,autumn,no,,,,,,,,18.9,9.12,102,,,,,
39,MOHK_D10,4,2025-10-01,13:30,yes,autumn,no,,,,,,,,18.9,9.12,101.3,,,,,
39,MOHK_D10,5,2025-10-01,13:30,yes,autumn,no,,,,,,,,18.3,9.19,101.4,,,,,
39,MOHK_D10,6,2025-10-01,13:30,yes,autumn,no,15.8,86,51,6.35,,,,16,9.61,101.1,,,,,
39,MOHK_D10,7,2025-10-01,13:30,yes,autumn,no,,,,,,,,13.2,8.7,86,,,,,
39,MOHK_D10,8,2025-10-01,13:30,yes,autumn,no,,,,,,,,11.1,6.79,64.1,,,,,
39,MOHK_D10,9,2025-10-01,13:30,yes,autumn,no,,,,,,,,8.5,1.85,16.4,,,,,
39,MOHK_D10,10,2025-10-01,13:30,yes,autumn,no,,,,,,,,7.5,0.4,3.4,,,,,
39,MOHK_D10,11,2025-10-01,13:30,yes,autumn,no,9.1,95,57,6.17,,,,7.1,0.32,2.7,,,,,
39,MOHK_D10,12,2025-10-01,13:30,yes,autumn,no,,,,,,,,6.9,0.3,2.5,,,,,
40,MOHK_D10,0,2025-10-07,12:00,yes,autumn,no,19.6,73,44,7.58,3.95 (DCR),,,19.8,8.99,102.7,,,,GSS,
40,MOHK_D10,1,2025-10-07,12:00,yes,autumn,no,20.4,79,46,7.33,4.2 (HMC),,,19.5,9.11,103.2,,,,Two Secchi Readings from HMC and DCR,
40,MOHK_D10,2,2025-10-07,12:00,yes,autumn,no,,,,,,,,19.3,9.14,103.1,,,,,
40,MOHK_D10,3,2025-10-07,12:00,yes,autumn,no,,,,,,,,19,9.14,102.5,,,,,
40,MOHK_D10,4,2025-10-07,12:00,yes,autumn,no,,,,,,,,18.3,9.54,105.6,,,,,
40,MOHK_D10,5,2025-10-07,12:00,yes,autumn,no,,,,,,,,17.9,9.14,100.4,,,,,
40,MOHK_D10,6,2025-10-07,12:00,yes,autumn,no,16.9,77,46,7.09,,,,16.7,9.61,103,,,,,
40,MOHK_D10,7,2025-10-07,12:00,yes,autumn,no,,,,,,,,13,8.3,82,,,,,
40,MOHK_D10,8,2025-10-07,12:00,yes,autumn,no,,,,,,,,9.9,5.17,47.5,,,,,
40,MOHK_D10,9,2025-10-07,12:00,yes,autumn,no,,,,,,,,8.5,1.91,17,,,,,
40,MOHK_D10,10,2025-10-07,12:00,yes,autumn,no,10.4,83,51,6.92,,,,7,0.25,2.1,,,,,
40,MOHK_D10,11,2025-10-07,12:00,yes,autumn,no,,,,,,,,6.7,0.24,2.1,,,,,
40,MOHK_D10,12,2025-10-07,12:00,yes,autumn,no,,,,,,,,6.6,0.25,2.1,,,,,
41,MOHK_D10,0,2025-10-15,12:00,yes,autumn,no,15,92,50,7.88,4.2,,,15.1,9.41,97.7,,,,GSS,
41,MOHK_D10,1,2025-10-15,12:00,yes,autumn,no,15.2,75,52,7.4,,,,15,9.41,97.6,,,,,
41,MOHK_D10,2,2025-10-15,12:00,yes,autumn,no,,,,,,,,14.9,9.38,87.1,,,,,
41,MOHK_D10,3,2025-10-15,12:00,yes,autumn,no,,,,,,,,14.8,9.32,96.2,,,,,
41,MOHK_D10,4,2025-10-15,12:00,yes,autumn,no,,,,,,,,14.7,9.28,95.6,,,,,
41,MOHK_D10,5,2025-10-15,12:00,yes,autumn,no,,,,,,,,14.7,9.28,95.7,,,,,
41,MOHK_D10,6,2025-10-15,12:00,yes,autumn,no,15.1,76,48,7.38,,,,14.7,9.26,95.4,,,,,
41,MOHK_D10,7,2025-10-15,12:00,yes,autumn,no,,,,,,,,14.3,8.84,90.4,,,,,
41,MOHK_D10,8,2025-10-15,12:00,yes,autumn,no,,,,,,,,10.4,5.25,49.1,,,,,
41,MOHK_D10,9,2025-10-15,12:00,yes,autumn,no,,,,,,,,8.8,2.11,19,,,,,
41,MOHK_D10,10,2025-10-15,12:00,yes,autumn,no,,,,,,,,7.7,0.35,3.1,,,,,
41,MOHK_D10,11,2025-10-15,12:00,yes,autumn,no,N/A,N/A,N/A,N/A,,,,7.1,0.28,2.4,,,,,
41,MOHK_D10,12,2025-10-15,12:00,yes,autumn,no,,,,,,,,6.9,0.27,2.3,,,,,
42,MOHK_D10,0,2025-10-20,15:02,yes,autumn,no,13.3,80,48,7.12,4.5,,,14.3,9.5,98.1,,,,GSS,
42,MOHK_D10,1,2025-10-20,15:02,yes,autumn,no,14.1,83,48,7.19,,,,13.7,9.62,98,,,,Note: 12 meter readings not taken,
42,MOHK_D10,2,2025-10-20,15:02,yes,autumn,no,,,,,,,,13.7,9.62,97.9,,,,,
42,MOHK_D10,3,2025-10-20,15:02,yes,autumn,no,,,,,,,,13.6,9.61,97.7,,,,,
42,MOHK_D10,4,2025-10-20,15:02,yes,autumn,no,,,,,,,,13.5,9.56,96.9,,,,,
42,MOHK_D10,5,2025-10-20,15:02,yes,autumn,no,,,,,,,,13.3,9.48,95.8,,,,,
42,MOHK_D10,6,2025-10-20,15:02,yes,autumn,no,14.3,84,50,8.16,,,,13.2,9.41,94.8,,,,,
42,MOHK_D10,7,2025-10-20,15:02,yes,autumn,no,,,,,,,,13.1,9.31,93.6,,,,,
42,MOHK_D10,8,2025-10-20,15:02,yes,autumn,no,,,,,,,,10.6,4.51,42.8,,,,,
42,MOHK_D10,9,2025-10-20,15:02,yes,autumn,no,,,,,,,,8.7,0.93,8.4,,,,,
42,MOHK_D10,10,2025-10-20,15:02,yes,autumn,no,,,,,,,,7.8,0.35,3.1,,,,,
42,MOHK_D10,11,2025-10-20,15:02,yes,autumn,no,10.1,91,54,7.5,,,,7.3,0.29,2.5,,,,,
42,MOHK_D10,12,2025-10-20,15:02,yes,autumn,no,,,,,,,,N/A,N/A,N/A,,,,,
43,MOHK_D10,0,2025-10-29,13:00,yes,autumn,no,11,72,45,7.2,4.7,,,11.6,9.35,89.4,,,,GSS,
43,MOHK_D10,1,2025-10-29,13:00,yes,autumn,no,11.1,72,43,6.94,,,,11.4,9.35,89.1,,,,,
43,MOHK_D10,2,2025-10-29,13:00,yes,autumn,no,,,,,,,,11.3,9.35,88.8,,,,,
43,MOHK_D10,3,2025-10-29,13:00,yes,autumn,no,,,,,,,,11.2,9.34,88.7,,,,,
43,MOHK_D10,4,2025-10-29,13:00,yes,autumn,no,,,,,,,,11.2,9.33,88.5,,,,,
43,MOHK_D10,5,2025-10-29,13:00,yes,autumn,no,,,,,,,,11.2,9.36,88.6,,,,,
43,MOHK_D10,6,2025-10-29,13:00,yes,autumn,no,11.5,76,46,7.91,,,,11.1,9.3,88,,,,,
43,MOHK_D10,7,2025-10-29,13:00,yes,autumn,no,,,,,,,,11.1,9.21,87.1,,,,,
43,MOHK_D10,8,2025-10-29,13:00,yes,autumn,no,,,,,,,,11,8.62,81.3,,,,,
43,MOHK_D10,9,2025-10-29,13:00,yes,autumn,no,,,,,,,,9.4,1.81,16.5,,,,,
43,MOHK_D10,10,2025-10-29,13:00,yes,autumn,no,,,,,,,,7.8,0.33,2.9,,,,,
43,MOHK_D10,11,2025-10-29,13:00,yes,autumn,no,8.9,83,50,7.1,,,,7.2,0.29,2.5,,,,,
43,MOHK_D10,12,2025-10-29,13:00,yes,autumn,no,,,,,,,,7,0.28,2.4,,,,,
44,MOHK_D10,0,2025-11-05,12:00,yes,autumn,no,9.7,78,47,7.03,3.25,,,10.8,9,85.3,,,,GSS,
44,MOHK_D10,1,2025-11-05,12:00,yes,autumn,no,10.4,79,48,6.74,,,,10.3,9.05,84.8,,,,,
44,MOHK_D10,2,2025-11-05,12:00,yes,autumn,no,,,,,,,,10,9.07,84.5,,,,,
44,MOHK_D10,3,2025-11-05,12:00,yes,autumn,no,,,,,,,,9.9,9.1,84.2,,,,,
44,MOHK_D10,4,2025-11-05,12:00,yes,autumn,no,,,,,,,,9.9,9.07,84.2,,,,,
44,MOHK_D10,5,2025-11-05,12:00,yes,autumn,no,,,,,,,,9.8,9.07,84.1,,,,,
44,MOHK_D10,6,2025-11-05,12:00,yes,autumn,no,11.1,83,48,7.39,,,,9.7,9.08,84,,,,,
44,MOHK_D10,7,2025-11-05,12:00,yes,autumn,no,,,,,,,,9.7,9.06,83.7,,,,,
44,MOHK_D10,8,2025-11-05,12:00,yes,autumn,no,,,,,,,,9.6,9.06,83.7,,,,,
44,MOHK_D10,9,2025-11-05,12:00,yes,autumn,no,,,,,,,,9.6,9.03,83.3,,,,,
44,MOHK_D10,10,2025-11-05,12:00,yes,autumn,no,,,,,,,,9.5,8.82,81.2,,,,,
44,MOHK_D10,11,2025-11-05,12:00,yes,autumn,no,9.5,87,52,6.99,,,,7.9,0.4,3.6,,,,,
44,MOHK_D10,12,2025-11-05,12:00,yes,autumn,no,,,,,,,,7.3,0.34,3,,,,,
45,MOHK_D10,0,2025-11-12,12:30,yes,autumn,no,7.7,76,45,,5.675,,,8.2,8.76,78.5,,,,GSS,
45,MOHK_D10,1,2025-11-12,12:30,yes,autumn,no,7.4,78,46,,,,,8.1,8.7,77.9,,,,,
45,MOHK_D10,2,2025-11-12,12:30,yes,autumn,no,,,,,,,,8.1,8.67,77.5,,,,,
45,MOHK_D10,3,2025-11-12,12:30,yes,autumn,no,,,,,,,,8,8.66,77.3,,,,,
45,MOHK_D10,4,2025-11-12,12:30,yes,autumn,no,,,,,,,,8,8.65,77.2,,,,,
45,MOHK_D10,5,2025-11-12,12:30,yes,autumn,no,,,,,,,,8,8.63,77,,,,,
45,MOHK_D10,6,2025-11-12,12:30,yes,autumn,no,7.4,77,47,,,,,8,8.62,76.9,,,,,
45,MOHK_D10,7,2025-11-12,12:30,yes,autumn,no,,,,,,,,8,8.61,76.8,,,,,
45,MOHK_D10,8,2025-11-12,12:30,yes,autumn,no,,,,,,,,8,8.6,76.6,,,,,
45,MOHK_D10,9,2025-11-12,12:30,yes,autumn,no,,,,,,,,8,8.59,76.5,,,,,
45,MOHK_D10,10,2025-11-12,12:30,yes,autumn,no,,,,,,,,8,8.56,76.3,,,,,
45,MOHK_D10,11,2025-11-12,12:30,yes,autumn,no,8.8,93,53,,,,,8,8.54,76.1,,,,,
45,MOHK_D10,12,2025-11-12,12:30,yes,autumn,no,,,,,,,,8,8.24,73.5,,,,,
46,MOHK_D10,0,2025-11-19,12:30,yes,autumn,no,7.8,85,50,7.2,3.7,,,7.5,8.41,73,,,,GSS,
46,MOHK_D10,1,2025-11-19,12:30,yes,autumn,no,8.1,85,49,7.02,,,,7,8.38,71.8,,,,,
46,MOHK_D10,2,2025-11-19,12:30,yes,autumn,no,,,,,,,,6.9,8.35,71.4,,,,,
46,MOHK_D10,3,2025-11-19,12:30,yes,autumn,no,,,,,,,,6.7,8.36,71.2,,,,,
46,MOHK_D10,4,2025-11-19,12:30,yes,autumn,no,,,,,,,,6.7,8.35,71,,,,,
46,MOHK_D10,5,2025-11-19,12:30,yes,autumn,no,,,,,,,,6.7,8.34,70.9,,,,,
46,MOHK_D10,6,2025-11-19,12:30,yes,autumn,no,8.5,92,50,7.71,,,,6.7,8.32,70.7,,,,,
46,MOHK_D10,7,2025-11-19,12:30,yes,autumn,no,,,,,,,,6.6,8.29,70.3,,,,,
46,MOHK_D10,8,2025-11-19,12:30,yes,autumn,no,,,,,,,,6.6,8.29,70.3,,,,,
46,MOHK_D10,9,2025-11-19,12:30,yes,autumn,no,,,,,,,,6.6,8.3,70.4,,,,,
46,MOHK_D10,10,2025-11-19,12:30,yes,autumn,no,,,,,,,,6.6,8.29,70.3,,,,,
46,MOHK_D10,11,2025-11-19,12:30,yes,autumn,no,8.1,97,54,6.75,,,,6.6,8.26,70,,,,,
46,MOHK_D10,12,2025-11-19,12:30,yes,autumn,no,,,,,,,,6.7,0.2,3.4,,,,,
47,MOHK_D10,0,2025-11-25,10:00,yes,autumn,no,6,82,49,8.01,6.4,,,6.3,8.96,75.3,,,,GSS,
47,MOHK_D10,1,2025-11-25,10:00,yes,autumn,no,6.3,125,59,8.6,,,,6.3,8.92,74.8,,,,,
47,MOHK_D10,2,2025-11-25,10:00,yes,autumn,no,,,,,,,,6.2,8.9,74.6,,,,,
47,MOHK_D10,3,2025-11-25,10:00,yes,autumn,no,,,,,,,,6.2,8.88,74.3,,,,,
47,MOHK_D10,4,2025-11-25,10:00,yes,autumn,no,,,,,,,,6.2,8.86,74.1,,,,,
47,MOHK_D10,5,2025-11-25,10:00,yes,autumn,no,,,,,,,,6.1,8.85,74,,,,,
47,MOHK_D10,6,2025-11-25,10:00,yes,autumn,no,6,82,50,8.03,,,,6.1,8.83,73.9,,,,,
47,MOHK_D10,7,2025-11-25,10:00,yes,autumn,no,,,,,,,,6.1,8.82,73.7,,,,,
47,MOHK_D10,8,2025-11-25,10:00,yes,autumn,no,,,,,,,,6.1,8.81,73.6,,,,,
47,MOHK_D10,9,2025-11-25,10:00,yes,autumn,no,,,,,,,,6.1,8.8,72.5,,,,,
47,MOHK_D10,10,2025-11-25,10:00,yes,autumn,no,,,,,,,,6.1,8.79,73.5,,,,,
47,MOHK_D10,11,2025-11-25,10:00,yes,autumn,no,6,81,49,8.02,,,,6.1,8.77,73.3,,,,,
47,MOHK_D10,11.5,2025-11-25,10:00,yes,autumn,no,,,,,,,,6.1,8.63,72.2,,,,,
48,MOHK_D10,0,2025-12-03,12:00,no,autumn,no,5,79,48,7.62,6.8,,,5,9.79,80.1,,0,0,GSS,
48,MOHK_D10,1,2025-12-03,12:00,no,autumn,no,5.7,83,51,7.73,,,,4.8,9.68,78.1,,,,,
48,MOHK_D10,2,2025-12-03,12:00,no,autumn,no,,,,,,,,4.7,9.65,78.3,,,,,
48,MOHK_D10,3,2025-12-03,12:00,no,autumn,no,,,,,,,,4.7,9.62,78,,,,,
48,MOHK_D10,4,2025-12-03,12:00,no,autumn,no,,,,,,,,4.6,9.6,77.8,,,,,
48,MOHK_D10,5,2025-12-03,12:00,no,autumn,no,,,,,,,,4.6,9.58,77.6,,,,,
48,MOHK_D10,6,2025-12-03,12:00,no,autumn,no,6.1,83,50,7.24,,,,4.6,9.57,77.5,,,,,
48,MOHK_D10,7,2025-12-03,12:00,no,autumn,no,,,,,,,,4.6,9.56,77.4,,,,,
48,MOHK_D10,8,2025-12-03,12:00,no,autumn,no,,,,,,,,4.6,9.55,77.3,,,,,
48,MOHK_D10,9,2025-12-03,12:00,no,autumn,no,,,,,,,,4.6,9.55,77.3,,,,,
48,MOHK_D10,10,2025-12-03,12:00,no,autumn,no,,,,,,,,4.6,9.53,77.1,,,,,
48,MOHK_D10,11,2025-12-03,12:00,no,autumn,no,5.6,82,50,8.37,,,,4.6,9.52,77,,,,,
48,MOHK_D10,11.5,2025-12-03,12:00,no,autumn,no,,,,,,,,4.6,9.17,74.3,,,,,
49,MOHK_D10,0,2025-12-11,10:52,no,autumn,yes,2.9,81,48,7.86,8.8,,,3.2,10.81,85.4,,0,80%,GSS,
49,MOHK_D10,1,2025-12-11,10:52,no,autumn,yes,2.6,85,51,7.9,,,,3.2,10.7,84.7,,,,,
49,MOHK_D10,2,2025-12-11,10:52,no,autumn,yes,,,,,,,,3.2,10.63,84.1,,,,,
49,MOHK_D10,3,2025-12-11,10:52,no,autumn,yes,,,,,,,,3.2,10.56,83.6,,,,,
49,MOHK_D10,4,2025-12-11,10:52,no,autumn,yes,,,,,,,,3.1,10.58,83.5,,,,,
49,MOHK_D10,5,2025-12-11,10:52,no,autumn,yes,,,,,,,,3.2,10.54,83.3,,,,,
49,MOHK_D10,6,2025-12-11,10:52,no,autumn,yes,2.4,80,48,7.23,,,,3.5,10.27,81.9,,,,,
49,MOHK_D10,7,2025-12-11,10:52,no,autumn,yes,,,,,,,,3.6,10.21,81.5,,,,,
49,MOHK_D10,8,2025-12-11,10:52,no,autumn,yes,,,,,,,,3.6,10.16,81.2,,,,,
49,MOHK_D10,9,2025-12-11,10:52,no,autumn,yes,,,,,,,,3.7,10.1,80.8,,,,,
49,MOHK_D10,10,2025-12-11,10:52,no,autumn,yes,,,,,,,,3.7,10.06,80.5,,,,,
49,MOHK_D10,11,2025-12-11,10:52,no,autumn,yes,3,83,49,7.29,,,,3.7,10,80.1,,,,,
49,MOHK_D10,12,2025-12-11,10:52,no,autumn,yes,,,,,,,,4,1.26,10.2,,,,,
50,MOHK_D10,0,2025-12-17,11:40,no,autumn,yes,2.2,75,46,7.99,8.8,,,2.5,10.76,82.9,,4,65%,GSS,
50,MOHK_D10,1,2025-12-17,11:40,no,autumn,yes,2.6,81,47,8.71,,,,2.3,10.72,82.2,,,,max YSI depth(m): 12,
50,MOHK_D10,2,2025-12-17,11:40,no,autumn,yes,,,,,,,,2.2,10.68,81.7,,,,,
50,MOHK_D10,3,2025-12-17,11:40,no,autumn,yes,,,,,,,,2.2,10.65,81.5,,,,,
50,MOHK_D10,4,2025-12-17,11:40,no,autumn,yes,,,,,,,,2.3,10.56,81,,,,,
50,MOHK_D10,5,2025-12-17,11:40,no,autumn,yes,,,,,,,,2.5,10.42,80.3,,,,,
50,MOHK_D10,6,2025-12-17,11:40,no,autumn,yes,2.6,74,44,7.73,,,,2.8,10.24,79.5,,,,,
50,MOHK_D10,7,2025-12-17,11:40,no,autumn,yes,,,,,,,,3,10.04,78.5,,,,,
50,MOHK_D10,8,2025-12-17,11:40,no,autumn,yes,,,,,,,,3.2,9.95,78,,,,,
50,MOHK_D10,9,2025-12-17,11:40,no,autumn,yes,,,,,,,,3.3,9.72,76.5,,,,,
50,MOHK_D10,10,2025-12-17,11:40,no,autumn,yes,,,,,,,,3.5,9.63,76,,,,,
50,MOHK_D10,11,2025-12-17,11:40,no,autumn,yes,3.2,72,43,7.66,,,,3.6,8.98,71.2,,,,,
50,MOHK_D10,12,2025-12-17,11:40,no,autumn,yes,,,,,,,,3.7,5.29,42.1,,,,,
51,MOHK_D10,0,2025-12-22,10:25,no,winter,yes,3.2,95,47,8.21,8.1,,,1.2,12.05,87.8,,0.2,60%,GSS,
51,MOHK_D10,1,2025-12-22,10:25,no,winter,yes,2.6,75,44,7.31,,,,1.5,11.89,87.3,,,,,
51,MOHK_D10,2,2025-12-22,10:25,no,winter,yes,,,,,,,,1.9,11.53,85.7,,,,,
51,MOHK_D10,3,2025-12-22,10:25,no,winter,yes,,,,,,,,2.1,11.37,84.8,,,,,
51,MOHK_D10,4,2025-12-22,10:25,no,winter,yes,,,,,,,,2.2,11.29,84.4,,,,,
51,MOHK_D10,5,2025-12-22,10:25,no,winter,yes,,,,,,,,2.2,11.26,84.2,,,,,
51,MOHK_D10,6,2025-12-22,10:25,no,winter,yes,3.8,80,50,7.3,,,,2.2,11.21,84,,,,,
51,MOHK_D10,7,2025-12-22,10:25,no,winter,yes,,,,,,,,2.3,11.16,83.7,,,,,
51,MOHK_D10,8,2025-12-22,10:25,no,winter,yes,,,,,,,,2.3,11.11,83.4,,,,,
51,MOHK_D10,9,2025-12-22,10:25,no,winter,yes,,,,,,,,2.4,11.05,83.1,,,,,
51,MOHK_D10,10,2025-12-22,10:25,no,winter,yes,,,,,,,,2.4,10.98,82.7,,,,,
51,MOHK_D10,11,2025-12-22,10:25,no,winter,yes,3.1,79,52,7.31,,,,2.5,10.89,82.2,,,,,
51,MOHK_D10,11.5,2025-12-22,10:25,no,winter,yes,,,,,,,,2.8,9.22,70.1,,,,,
